-- phpMyAdmin SQL Dump
-- version 5.2.1
-- https://www.phpmyadmin.net/
--
-- Host: 127.0.0.1
-- Generation Time: Mar 12, 2024 at 11:45 AM
-- Server version: 10.4.28-MariaDB
-- PHP Version: 8.2.4

SET SQL_MODE = "NO_AUTO_VALUE_ON_ZERO";
START TRANSACTION;
SET time_zone = "+00:00";


/*!40101 SET @OLD_CHARACTER_SET_CLIENT=@@CHARACTER_SET_CLIENT */;
/*!40101 SET @OLD_CHARACTER_SET_RESULTS=@@CHARACTER_SET_RESULTS */;
/*!40101 SET @OLD_COLLATION_CONNECTION=@@COLLATION_CONNECTION */;
/*!40101 SET NAMES utf8mb4 */;

--
-- Database: `v-maker`
--

-- --------------------------------------------------------

--
-- Table structure for table `app_users`
--

CREATE TABLE `app_users` (
  `UserID` int(11) NOT NULL,
  `UserName` varchar(1000) NOT NULL,
  `Password` varchar(1000) NOT NULL,
  `Email` varchar(1000) NOT NULL
) ENGINE=InnoDB DEFAULT CHARSET=utf8mb4 COLLATE=utf8mb4_general_ci;

--
-- Dumping data for table `app_users`
--

INSERT INTO `app_users` (`UserID`, `UserName`, `Password`, `Email`) VALUES
(1, 'exampleUser', 'examplePassword', 'example@example.com'),
(2, 'exampleUser', 'examplePassword', 'example@example.com'),
(3, 'Hello', '1234', 'Hello@gmail.com'),
(4, 'Hello', '$2b$10$nZbmczXLWYykGwLCDsc1qe.E1iKQ0da/yqqQgxR9/iNw2Vqa.Qigm', 'Hello@gmail.com'),
(5, 'Hello', '$2b$10$NNDk5QmTZnufSKoAnZf.fuY14tvBeJOxeddU/8dGQoCipM5/gVji.', 'Hello@gmail.com'),
(6, 'Hello', '$2b$10$/Q0guIG9MUScdx2Ye/xmrOg4zDA85lt2OuJ76Y8xSjdyDNbhGPS2u', 'Hello@gmail.com'),
(7, 'Hello', '$2b$10$YOCfROAVi7IBno7zSd0UEuXus5mEFr5p3g5l.8kel5HPbqOmYgn6y', 'Hello@gmail.com'),
(8, 'Hello', '$2b$10$Iaakmu5xEHaLg9mYTFtoOOQrlFIjfBA7O9ltr6nfK/.rcmFrzcOa2', 'Hello123@gmail.com'),
(9, 'Third', '$2b$10$vtAtoFYUqDhEASiScK8LCu3E0IpOjKxq7J9kP.z9WemuTBREzNIf2', 'Third123@gmail.com'),
(10, 'Third', '$2b$10$vfX8Wc96veHQcBrNIrWJOO.Ip0Rg/H6gtSLW0LZmzeZ5uA5PJQBt6', 'Third123@gmail.com'),
(11, 'Third', '$2b$10$Y3k8W0XvcqnNZZhhn9cWCOV3n9T.mR/RbmOCTWGxE.VeiG6ns09ha', 'Third123@gmail.com'),
(12, 'AAA', '$2b$10$IpaPXtXdSx3RVgpzse.GCO9Wyjx7Il2IWlxgCLMtuQ52yN5C68rdC', 'A123@gmail.com'),
(13, 'AAA', '$2b$10$Ukc.BjgKe3hofcgaodpQu.Q380EpxcJFBjwSY5IJIeiB5frJ6tdRu', 'A123@gmail.com'),
(14, 'AAA', '$2b$10$PRGTjojQXUQNgdXrXtoaeuWTK55pMCo1VEbRVnTxvoxkbBu9.qGjS', 'A123@gmail.com'),
(15, 'AAA', '$2b$10$Sr5DyNRo054JwTtE6gAAGe8uZwDJTvc3nf3Xnd8Mtt0iZDUrypRQ.', 'A123@gmail.com'),
(16, 'AAA', '$2b$10$EIKTtH4iWygG4rwCbS/9E.L/AhudnMPIEjT1QnIMEL9yRFuX.TVjy', 'A123@gmail.com'),
(17, 'BAA', '$2b$10$cmc3i.8UZX3zlTlgY9lXL.NtEN.gR0KAzHURe.tsJvS4ZpBSdVsFu', 'A123@gmail.com'),
(18, 'Loyson', '$2b$10$gM.sB9vklxKwswoNa.Ev/e3RA/GSFsCWiZvrunPmgoCAxO.kmENEW', 'loyson@gmail.com'),
(19, 'LoysonShop', '$2b$10$G15bFChZKOPYMtzG8Hu7AuTVKI55wiLxQ/D2Lltxpg.VPDpMDlynW', 'loyson@gmail.com'),
(20, 'LoysonShop', '$2b$10$jJA07UfgPA7SVY/vZH95L.Xkfpzvsy5cm4IAplTCefFrK1yTgma6q', 'loyson1@gmail.com'),
(21, 'Tayon', '$2b$10$6a5eBMoj2T2q3n8OrxuAiuvy30nYEPxvBkF7EjFI7eatHVHoIXL1S', 'Test2@gmail.com'),
(22, 'Tayon', '$2b$10$PSdVylrfayIWnxJPxrETuetcO/Uh4XKP/hysoJfWemfAI2qkTVht.', 'Test1@gmail.com'),
(23, 'Hihi147', '$2b$10$ZL.GPHehd7QTuM/FGZWi/eDC2uQdzTzHMT1WyUwkao7v7XpYM6VOO', 'ZV@gmail.com'),
(24, 'Pattza', '$2b$10$In138BevGd3aoT7ZM12O5.vRt951uX6webcdsIw.4N0muB.pyG8Ya', 'Patza@gg.com'),
(25, 'Pattza', '$2b$10$gYidP4ORzGNJebrpVYLtxedeuJFSzPvqyf6AO6RgmM6ZqMx3KAKOe', 'Patza@gg.com'),
(26, 'Pattza', '$2b$10$HOj3y6oPH1.8jaqRLkeqIuD10lFga/teubWPJD3HV.BZ9BOb8HsGu', 'Patza@gg.com'),
(27, 'Hihi147', '$2b$10$GIylXum3zBebBrWFEW3E4ePC7x4iC596bfj1XmCl0Xu73gjIwefhy', 'ZV@gmail.com'),
(28, 'Hihi147', '$2b$10$oPWGDoVr1KhJhxN5mA8P8e0LanguYY4.2MfuvHkDdDhFvbzjKwi2O', 'ZV@gmail.com'),
(29, 'Pattza', '$2b$10$ppqjheuRHyM7TeqTcgaWIexlktv3dlFAFDMNcKMpdnDI304LhKtnG', 'Patza@gg.com'),
(30, 'Ninguan', '$2b$10$BtWtTNopVqD9yca6fUbej.yBW4Zhger7Nui2AgFqhpM.h8tEgS7Qm', 'nigga@gg.com'),
(31, 'Ninguan', '$2b$10$icDd7oHJXkAAJL/JRrEOye4.D/cHeeH.aEyfWwRVqrcy6A5M3kCOa', 'nigga@gg.com'),
(32, 'Ninguan', '$2b$10$IBQsOOcbVggFq3ZtNRUZauGXgSq4lU0lccDwl8mA.zpuDoRx6VPl2', 'nigga@gg.com'),
(33, 'Ninguan', '$2b$10$0SVCMTm5WLGfU5V4D7ZYCOZZdAsATFYQpAuymtEJGEiDTbxSCHk0G', 'nigga@gg.com'),
(34, 'Ninguan', '$2b$10$Imitca5WVN.gZaCe721ma.cpqWp./Zltu81LsI7GW.qEssXgzj8DG', 'nigga@gg.com'),
(35, 'Ninguan', '$2b$10$KSVCIxafs.qQLCKs0pyDo.FSjxLhe3U1AawNbiChY51HN542Drtv.', 'nigga@gg.com'),
(36, 'Ninguan', '$2b$10$4FPmtR8e36OPIJtB5/vJU.DtNwgofcxx1q6RSwxoD6lgJmk/sUD/2', 'nigga@gg.com'),
(37, 'Ninguan', '$2b$10$Jh354r4J/mvHG5U0ehz.2.iEQLrlMI85uOsJKq99hbeMXybXjU3u6', 'nigga@gg.com'),
(38, 'Ninguan', '$2b$10$D76uBACe2Qa4zCj5kvC4Uu8zsKxFa11X7BFoPbwfMLVEXCTJpCYIC', 'nigga@gg.com'),
(39, 'Ninguan', '$2b$10$R2Z1OG5S6QqOJ0t0Zd5dVuRVUDldJccA52Z2.x9LlCLIyOr.H.x/u', 'nigga@gg.com'),
(40, 'Ninguan', '$2b$10$TArcgr0gbeSmjYtC08tVYufPeGfZDDvyTbNCa5vzX7zTgTIY5xKyW', 'nigga@gg.com'),
(41, 'Ninguan', '$2b$10$Z2n2XnQJ.R.t/4kRo3.O4ebLCa10Ftm1r3xdFyfAqPNLJYEflSJUO', 'nigga@gg.com'),
(42, 'Ninguan', '$2b$10$KAPqMWGKRil7iSp0u1BlrOCideG4vrrvLrdckiXqNO9Te1QabA0PO', 'nigga@gg.com'),
(43, 'Ninguan', '$2b$10$a/EReM5LRtelf.Ia4ISNOOfZvxzPAJSP401lIDJVpMOcTJL.fpgtO', 'nigga@gg.com'),
(44, 'Ninguan', '$2b$10$4n4CJXmqxurFO3M9Jvw7d.gn0/SfR6Q7cbWvDcXA1kH1FYd54N6Sm', 'nigga@gg.com'),
(45, 'Ninguan', '$2b$10$G1vYmh7qVywNggc4UTCsvOgKnBWDbIBGS.DstLdyAle2i.hD23y6u', 'nigga@gg.com'),
(46, 'Ninguan', '$2b$10$9FDoh5uVYAhYlHFjbrRQCe4y9QoqB2/M.G/JMpa4p.mt7lMteFrEe', 'nigga@gg.com'),
(47, 'Ninguan', '$2b$10$mcKfMInTl4MHF83BXj8YeeSsOFN.81y7UPpbf3B.79s4af2VSMa6O', 'nigga@gg.com'),
(48, 'Hihi147', '$2b$10$CYapjRQYN1YHAfWmnEadi.HYo58OmG328HCIH67C6IGDv7CJNS0jm', 'ZV@gmail.com'),
(49, 'Azz', '$2b$10$zPFyAG3RiOYw0G9ZKDd4R.fkKOAPlBn8Bk7nWsTmVtoVht5qPXeG.', 'zz@gmail.com'),
(50, 'Azz', '$2b$10$dJbHGSUQ2jGlUkB66qdB9OubMopzxggnn/HbzPGwc36zVIwCi8pIa', 'zz@gmail.com'),
(51, 'And12', '$2b$10$fug.35DIXUfMRVTYtEN9KupMBHBd7t8tnCbXEXiXNlBRuJn0brFd2', 'Andy@gmail.com');

-- --------------------------------------------------------

--
-- Table structure for table `app_user_details`
--

CREATE TABLE `app_user_details` (
  `UserID` int(11) NOT NULL,
  `Image` longblob DEFAULT NULL,
  `FirstName` varchar(64) DEFAULT NULL,
  `LastName` varchar(64) DEFAULT NULL,
  `Gender` varchar(64) DEFAULT NULL,
  `Tel` varchar(10) DEFAULT NULL,
  `Provider` text DEFAULT NULL,
  `Address` text DEFAULT NULL,
  `Zipcode` int(5) DEFAULT NULL,
  `Birthday` datetime DEFAULT NULL,
  `Email` varchar(255) NOT NULL
) ENGINE=InnoDB DEFAULT CHARSET=utf8mb4 COLLATE=utf8mb4_general_ci;

--
-- Dumping data for table `app_user_details`
--

INSERT INTO `app_user_details` (`UserID`, `Image`, `FirstName`, `LastName`, `Gender`, `Tel`, `Provider`, `Address`, `Zipcode`, `Birthday`, `Email`) VALUES
(21, 0xffd8ffe101b54578696600004d4d002a000000080007010000030000000101980000011000020000000700000062010100030000000101980000010f0002000000080000006987690004000000010000008501120003000000010000000001320002000000140000007100000000474d31393130004f6e65506c757300323032333a31313a30332031373a33303a333600000a929100020000000700000103a4030003000000010000000090040002000000140000010a920a0005000000010000011e88270003000000010190000092090003000000010010000092900002000000070000012692920002000000070000012d920800040000000100000000829d000500000001000001340000000036383433393200323032333a31313a30332031373a33303a33360000000d7a000003e8363834333932003638343339320000004e2000002710000601000003000000010198000001100002000000070000018a010f0002000000080000019101010003000000010198000001120003000000010000000001320002000000140000019900000000474d31393130004f6e65506c757300323032333a31313a30332031373a33303a333600ffe000104a46494600010100000100010000ffe202284943435f50524f46494c450001010000021800000000021000006d6e74725247422058595a2000000000000000000000000061637370000000000000000000000000000000000000000000000000000000010000f6d6000100000000d32d0000000000000000000000000000000000000000000000000000000000000000000000000000000000000000000000000000000964657363000000f0000000747258595a00000164000000146758595a00000178000000146258595a0000018c0000001472545243000001a00000002867545243000001a00000002862545243000001a00000002877747074000001c80000001463707274000001dc0000003c6d6c756300000000000000010000000c656e5553000000580000001c0073005200470042000000000000000000000000000000000000000000000000000000000000000000000000000000000000000000000000000000000000000000000000000000000000000000000000000000000000000058595a200000000000006fa2000038f50000039058595a2000000000000062990000b785000018da58595a2000000000000024a000000f840000b6cf706172610000000000040000000266660000f2a700000d59000013d000000a5b000000000000000058595a20000000000000f6d6000100000000d32d6d6c756300000000000000010000000c656e5553000000200000001c0047006f006f0067006c006500200049006e0063002e00200032003000310036ffdb0043000302020302020303030304030304050805050404050a070706080c0a0c0c0b0a0b0b0d0e12100d0e110e0b0b1016101113141515150c0f171816141812141514ffdb00430103040405040509050509140d0b0d1414141414141414141414141414141414141414141414141414141414141414141414141414141414141414141414141414ffc00011080198019803012200021101031101ffc4001e0000020203010101010000000000000000040503060002070108090affc400391000020103030304000503040104020300010203000411051221314151061322610708143271428191152352a1620933b1f016d11782c1ffc4001b01000301010101010000000000000000000102030004050607ffc40023110101010100020202030101010000000000010211032112314151041361327122ffda000c03010002110311003f00f862598642a92cbe6bdd155eef524573bb6b82abda974b70ed71924088f6a7de88b64b8f50c6dfb87f3c5797bff97d178f96bb758fc2c225ff00c4038a3ad123810f2727b50960a76ed65e29a5bc28f208c2927ae71d2bc6dfdbd5ccf42ede23385daa41ed9a7369a749ed6c91461bb56ba75bb3a2a02030ee6ac5069cec919272477f35cb6c3c848da198e1017f6f8a06ff00d32ef1954c0dc3938abd2e96d2a81d051b1e9623404aeec76a328f1ca07a5a48488864a9ea4d043436373246212114e067bd761974e8253c295fa3434be9a438900e69a6acf6ce3f75a0ce936d107c4f53dea14f4ece08408ea3af4aec771a1c7247b971bc7143c1a598e741b4364d6bb672d4f4cfb88509612e7a629ae9fe8c31c419d9cd7477d1214918900b1a9a1d3b8db8fed4974dc53f4ff4f2c58217229ec3a7aaa0c2629cdbd800cc547f35e3c7edb313c03d05697a79fa2ff6b04a640a8dced5751c9c7068c98823a004d0663225208facd2d3711c52b88f97c9ee2838909d4148e4679353c91342afb802581c549a2db6f9915c7cc9cf347308bb6836724f819c255f2c20650807f155bd02029185381572d32265c739ab48999c168b0a07e013d6a31860c54f39a2678e43171c2e3ad048163c9504f9a141b12c23dadd4f7af0280400493d2b49640e319e0d603b48208a9532758dd09ddce6bc78c96ca9208af45c10327902b7594139ec68850ef1e48c0c1ef5048842b60eccf7a2e762bc03c50cecaeb86e94d3d0228edbda1bb7641ee6a17458d891c1a959c9508bc28f35e342dcb135581c2ab80324b1c0fba4d792c4091bf029f5fdaabc4491cd552eecf6b3972706934300ce570c0743e4d40b305e33515e42c108573c739140091ce01e0f9ae6d55f30da49b319e01ac59564017710714b37be40ddc1a9d6366230702a7674fc1e9261768c93e4d496e369c9eb43dab12d83c115342f9ca904f34a4fa191876249e3c51312385cedefdea28f6a80173fc9a3901961c230623b5193a4b38f700c88474ef45431fbac79e3c5416d13393bd718e94cad1008d88ea2ad321f4de18f70f88008a6763196196e3142da6dcf38fe2995a3075e4014f32530b588714ee0890440f53e3149ec57f51204071f74f8584f6cbf1c30c55b247a20667561c5163e2f8249fed43585d4ae9b2503703d698a87dc08db83deacc88bbaedc8c035952ce7e433c851594be99f86979767db62873e2aeff8516ced76cedcb0e735cd62270ea78e7bd753fc2eb790ce9b0e13bfdd7bbe69f1cf1e17f1edbb76bb0769218f23e8d3eb38bd81b80c92295e976a443861b40e71563d02d7dfb8656fd83cd781e4bf87d167e8c749d35a6941638079c55a2ce168c88c1cff00342dada3acf1e3089db1de9dc320594e63e2b9b8c2228c94d846dfba9917dbe01dc7a544589ced5ce6a7837221dc307f8a6fa2bd3126324006a0d9eeb1001f8d1713823e6324563393b980da0f8a4e896dc69c24206e29cf515a4766b0b1dbc9eb9a36e5c46149e99af3875dc9851f742d3f01cb0053b9ff00775af1648ff7293b873534e3a648351c8814700004734adc452b829f03b77753513a08e050a77b7935eb3231589396ce6a096e511ce704d3c3c012cec27cc8368152a36e04e0f3dea49764ee3238a8666f64120e00a60b515e0d8a39de68cf4e58c935defc623519cf934adda49994460727927c55ebd396a618542a8229a276acfa441ba35ab7e97193b7c0a43a4c20a8ab2da854000e7f8aaa63e660b1000e695bae33818268c7560091d0f4a1668d8a839e7c52d1ef4094c64b0cf81599da719c71442c4c472bb8d4132fcd4118f3f553e0fd2485f6e4f26a772372fd50fbc4795c93e0d6cac5e3cf439a0c918967e991411f75e62bb768a296439c01fdebd38ddf1e1bb8a68c84a041ce18d0d3cacaa4f4a28a80a77377a1275de8541c9ed5460772eea99f3e692dd5dc680fb8858d38916611624200148efc221f99ce693546423bc7542d85c03cd229e5ff007ce14903bd37bebc8e59fda1c1a53383ee95ed5cd5d388f15c12af8e9e6a44b999a4ff00c7eaa11280e411b80e98ad950c89bf3b0e7f6d29b9c1b04e64258f5e946c772513f6e0f4a5037c5b59483f5474128ddb9b3fc51e753a7904bbd06319a26d5b127c4ed3de9659ccb1f2c7028c6bb42d851d69e254f90a9da0727bd131a15930a7ad2ab6b90918e7e5478be0fb00e1b14fd28f6408031e31de89b77ca7078340b319a320d4b0b109b471fcd3870e2d263132b21391da9fb6a578620caa40c77aa8c374d04a9819c9e4d59a3be792152781d2ad92f06dadc962a5f863d69d46119065f0476aaf4339e8064d1f0c8148699b68a701f7528dc00ea6b2bc0f14d22f5ce3815948cfc249448d1803939c1c576efc27d3cb244cbfb140e6b8dc11badda02b90e6be88fc38d31a1d2e3da39eb5eeff002afa78ff00c4c775d748b201d82e724d5a34bb7fd3a6e148f4bd3846eaca3a8ceecd5bacb4bfd4c639233e0d7cf6bdd7bfde4e0dd3d2695d189f88ec29fc5107527aff0014bed6d8dacb1c6bce78c53888c96edb760c77a489dad200558e3a7dd12986ceeeb522c064704704d7ae810119048f34c01c46d2331230bf55e4922aa85009a255d2350bbb39ea286ba0a0970718a4a6911b0128c63af9a8480014232056c84925bb57a588c6570a6938a7103e368278a80aab64a807cd11729ee2f1fb73daa1d8b1c2e83fa850e7040cf22a9c47c374cd0a620abd32fe4d1b22a985415e478a1a673fbb01714f19efb00207271515cc4157712194d4af7388b2172a7ad06d399678a3287648719a62f5be896ffabd430a84c78ea6ba768768a8aaa471f548b40d1d607008abb69b60b19cf7a6912d531b0b78e18c84527e8d36b684a202d5a69f6eaa4065ce69b340aa7680455389f4231dec028231513c6416c9e3c516c9ed91819cd78d183db39a1c30410e5490c050735b907390453548973c8ff343cb0615b038a4b0652c00a920ae2b707b0e48f15ecff7d4d4680478c1e690e9d4943b9d70b58513960719ad048003bb9cd79230650139acdc7a200db8f5a06ea2689832f3e68f136d8f141cf2f6f34f038457f3920863c556b54bae4924e2acba95b19558a8e4552755b87859a364e696c57302cfb616f71792475a5f24a1864b609a8a7bf6ced298078a5b2dc1573dea363af33a37de58ff00a8926a48ee19640c1b8c529fd5bc847c71cd6c2e0a3e7391e29786b0fa294e46ee953412ed988ea3cd254bc62c7c51b05d938006e269a21a9ecf239c2124fc851d6f27b98238148d27e0123145457cc540423038a6913e2cb06cc0dc7068a7285a360e411496094b203bb07145897728008c8a684e2c36d72a98f9641a60b1b4a41dc14556a0b8662a06323bd35b7be38c13d298b4e211b5c062314cd2e54a2ae7e22ab62ef2c09268eb6b90c5453ca5e1e24c15836f2a05318eea394ac8dca8ed49946ee0f4af54936e553390d4fdfd82dd1ce8fb5c000e315949a09bda44f71be5dc0aca21f4fc5ad3e3371a9dac684b1dc057d57e92b2367616f0a28deea0b1c7415f34fe1e6992dffa92d995372971dabeb1d3ed0c6b1a2f0ca0026bd4fe5defa70ff172b2d8d9a98828241ab3e9303428acd960bd8526d3147c015e3806ad3108a1403763eabcab3af4ebc40d35d2b0cae29d232a4386393dcd2d85918e3b51cab1c4464673496712a9629b0a1872074af0b070e48c9faad370924601080a3b5446574200e693a68de28d2556463edc83a1a1e7061c45fb9cf5cf8ac94b46ecc4f5a816560dbc8dde281e2423db61df35212d8e464542270c3f660fdd6cd288c75dd4aa46cb88c124641ef42dc14072a7fcd64d71b233cf1e297cd788c2b37db2e6e0c6067f6d0972e766ecfc684b9ba7959a35207f3425c5e858d9646c0e99a68167044f7c422a20c86e334ff41d25af551ddc0553903bd536d6e05e5cc114019f0d9240e00ae9ba5c1edc516ce31d6ad24a95f4b3d85ba44884751de9ed8b897927155e8a78d62193cd32b59f6c8adbbe18e94dc911ab758286955b34fc089d46797e9551b3be55236ff814e2d752432004f354fb270ce4b3da016c01daa0960d92e0722a396f3dd902939152bdd84db819ad67a34692db308ce0d072820707346bcfb8649cd0ccc319c7f9a958ac2b9d370e941cb81d4d36954907cd29bab0965981ce23cf2075a5b3d0f5e460bf19f8f815346a918da3926b22b4f6c9c64668a4d3cb1071cd27c4f037b408231835035af279e69c9b0608481d28496dc8fdc38a23c25b8806c3e6aa3ad68deebb381cd7407895be39e696dd69dbb79e8b8a26fa70ed72da6b4b8652a4a7622abaf7aa642006c8e2bae7aa34b2627f6c066c70715c8f50d16eb4e334d3bee04920014972e9c6fad4cec092ac466b77bb44039cf9a50f2bc80edcf4cd6b6376c927fba995a9f1d17dac705c8f68b0ce28b82631e189c52617e8c30a30076a222b90f11f90c5693f686b2b02de10a194e7345453890e71b7cd57a0d442ed45ea28e5bd0480391df1452e75648af0aaae1b8a36da7326e19c557a2604644981d856c9aa0b77c337fdd14ac5a90e240565200ed4dadae54edc9e6ab169722650cac0e7c51b048e26da3ae339a62d59b7b6df3465bdcb02001485269563525c1146a5c16c6de38e94612acf6f74ce49ce2985bcdb95803ce2aaf6d7c1005270dde9ada5d2ab062dc9ed4d3d019c37bedfeeebf75951b08ae0a9ce1873594c0fcd9fc19d3ed049ef22869874e3a5778b18148f06b88fe5c2cdeea392765255471f75de20b4737aae48546e315e97f2276b8bf8df5d3ed2ed59554b74a750c6913b48ff00227b501097b44d8704638ac6988c16ff0015e6dbcf4f53e3d377913f7a0c1c54b1de058d73d29235cc9b7e2322bdf7e77daa48541dbbd25bd099585ef8451e3a6687495a53d719f342c7708ca24620e07435e89d4ffb8dff0054a367054e448b80c09e99a82381d7003e4d0ef72b1b1273835bfea5032e0d6091b966192c391dea07bb127c54ff0026a1beb9111e4e01a08de22c6c539634bc524152dda2b908738eb4b6eae4190b8ff15e437613dc0eb8cf7ef4b2e2e87b9c0f8f9a3251b193dc88e6ce73f741da69b75ea1d4447182b083f26ed5b411ff00abdf2c318665046e2b5d06dac20d22d82c436922a9212d816db4fb7d2d04302a96e85bb9a7d6b2aa22e0e33d6abb24e124dc4f352c57f96c039a79e92b3ab23dd8f80dd85079a736b397391fb71c7354a8eed777cb047dd39b6bfda073c78a12938b75a5c946ce714ce0b90b860726aa56ba8efea7029a4175839072b54e97e2b9db4e1c6ee32451b1b2b8da463eeaa11de6f1f17229a69da9470e1598b1f269a5090f441204238c8e950cbb891b8e3cd4b6faa447927ad6def4729278c51b3a3f2e05f715412ab902a7b7549864e39ac68d25470300781de83f77d9e01c0149f16e9a2582994020053de8a10c106464337d5207d5d8481770c7f3531d491f90413fcd3c907e8cda7419ca60f4151c9046e877ae47518a096fd18e1980a3bf568c814107f8a5b9525032d9a020a8e685b9b4dc8ca7a5374b666008e45097b0985b70a4e70d2a97ad695885881cd729f5859b1475c715dbb5160f1904572ff57da7ef3d8d2a99bcae23a933dbc9b54127a6052b8af5e391b731dd9ce0d3fd623d97d2100f4eb557bc631b92064d258e99ae9b417db9097604e7a51904a1106d6cf39e6aa6d2c80e50d31b7d40fb5b9d800a3bd2dc96efab5c578172d805a88875167e1b0b93c55560d6627550a72e7c54c2e99d86588c1cf14d325f975764badabf26c7d57bedfbf282c414c5566db54c4a0480b0ce29fdb5d285e07f6ad73c4e9f6931fb1b86e3b3a8a7d693b8196236e3ad54edafc970bd05190ea643156c81db9eb4b49cfcad1fae030a84d35b4b847daccc38aa95b5f4729e9475b3aabfef383da8c22e71086e0e59b07cd308a28f68dadf21deaa31dca44cbb0939eb934d6cefcee1ce451258b1477663709ce0f7aca16dae838e6b29a5e12d7c63f972b158bd30b29c0047515d42e77cae367001c822a93f825a6a5a7a1adf27990640ab6dcc92d8fb837e14f45af5bf913db97f8dea1b433b48a4c8dd3eebd1739c36781482d2795b0cc783d68fb795158ae78af275f6f5e1d5bb66362ce467a62b7847fb990dc63bd2d49d59bdb47e7af3582e1a36209ffba91f869280a9d79f02bd4bc0c0293fda968b87ce4f2a7bd48a0ae0a9fe68969a8b8dc54718acf7d0c9b723776cd2d4b9318e78c9a8eee452e8cce377602b124832e67da87281d8706819481113b7631e99af12e0b1655c671d4d077578040048df207a5190f1b4b73b231bf1cf5a577176e2529c6c61c11d457925e8743bba76a5cd74ef2200b81e4d5640ab67a16316504d2b70ccdd48e69edfeac15725b9aacd9ea690db2ee755f348f5cf510476d8fbff008ab7c7f0e7d5f67d77abe09667e050d07a9d11ff00705ed9ae6dabebf7265285c2ae33c1e6a3b4f524688118e643d2b5c16597edd7db562c06d393e734dec357cc6013c815c92d7d492ec2aa4163d33562d235f665c4b8dea3071d0d46e78b492cf4e9b63ab87623773e2ac365ac0880cb035cb6c75cf9e0a800f714f6cb5153dc6e3e4d216e5d15753599be24267b8a99b5048dc10f81d3354a87520abcf07e8d49fea6323731dbe28cd583f05f63d5595176b8fbcd3187d42210013bab9cb6b3b4801b23cd6875c3bf25ff00c5526b89dcba63fa9060ed38cf6a826d6d644e1b9ae7727a836a82af9a1e6f51908496e6975b0985ceeb56dcf80fdfb1ad975ef64001b3e6b99dd7abe1894ee9550f926951fc40b4b757f76f15f23000349dd5fa86923b11f512b8fde33f468bb2f546de0b74e9cd70583d796f8223b953ff00f6a6fa77ae627c0924520f00835a7ce7fd45a6657d0769ea60f0fefc63ee8f3a90b984658722b88e9feafb72c11a5cab7706ae361ea68c2282d915494bacd8b16a52b6c217ad50fd5b32fe99c1e081564bed6e0fd319339faaa1fab6f91e066cf0c28f0b9736d5a112caec84927a553f5289e219239ab5adcb4933ed1b82f4a5ba85b7eadf615c13c8a5e2ca1dc5e4d1b95650a09c061521b84d82277c161456b566d048d1b21c1e41aac4ace93062c3776534d274b6f1608753586ee18e08c161dcf4a61fea2c26c3104e7b74aa70bec4abb9bbf41440bfff0070ec27af7a6f82376badbdd49ee87279fba7306a12a8fe6a816dad38b9033b853787599a56666655c7455a1734d37d5eedaf262016ca8ed9a362d44acabb8a91fcd519359b9b868b2fb5338c533f7009c4a8c5f68e466a5727eaf76d75824a7534c92f65445da403df3551b3d4721581da71d29a5ade994904f2287385e2e30de65542b02d8a3edee1e36ebd2a9d677fec310e7e47a0a776576b2606726812fa5badef8851ce4d652886e1632326b28f09c8e15f859983d256c18f2138a67a94ecf29ce48f348bf0fdcafa5ed096e1a307145df4ee1d8b49941d00af6bcf1e7ff1efa8610cdd003c5486575938e87ae2abeba8b06f8fedf268b8755c8f91c0f35e36f35ebe6faeac31481402092d8eb5b672ace1cb30fe9348d750e72ac08fa3448b9957e71907754f9fb3f4dd6e8ec0c4103c5111dd1183d293ace429f708663d854a6f0b2ae380298df67134a38c9c668689e2b92eac76ba1e0f9a5d77a823c18539706a27d51542ed5edda8f0968f904a1cf603a11424c99977bfcb8cd053ebc3f6efc5413dccb2441a19415ee2a9325f9707bdc41b0b14c60d2bb8d450dc3310020e8050d7372e10e4f14aa5b92c8c7b0abe72d748b58f516c77d9903c66a9b7dea89ff52a036d527b9a1fd473117aeeace1bc678aaa6a931500e4927b78aebc78e38fc9be2c6dad1926919e40771f35a36a01655915b247dd516f2ea7b7190fc0ed5a5bfa8712a4726549ef9eb56febeb8ef97dba65a6baf14a2619623b13c1ab7e8daf8b95562e158f519e86b91da5c3ca43c32ee523f6d33d375165971ca9fe6a1bf13afc5e6efdbb95a6a8f1bae70c07402ac3a6eaa2760c011cf4ae53a66b9b234f9678e79ab2e99ada3a2ed7c60f38ae1d638eecea5755b7bc598aa8e3c9345eddc7e2fc7dd546cb574b855da76903f779a7763315f917ceea97e4e63b9d9319f979a1a762aa4753e68c22364df9c6de49ae47f8a9f8b034d91b4fd2b0f7078665e7155925fa4b5a9160f547af6cbd350bbcb302ebd101ef5c6bd4ff008f7a85c6e4b35f6a3e7e5deab93d9ea1adca65b932cd231ce0f22a0b9f45dd4ac80c446eeb915d7e3f163ef4e2f2f9753d655cd4bf1435bd46560d72e149e80d2c93d4faac8c0feae43f59ab41f43cf2dcbc3ed0551c640e4d190fa03db232878f22bbb39f1e7ea38f5fdbafcaa56dea4d637616790127cd5c3d3deb5d5acd81b89890be4d1f6fe8a2a7704071e05413fa532e5b953d322a3e4f85f4ecf06778fb752f47faf5aedb6cf853d4126bab695eaa2f0ab2c80af43835f3569b6325b15186caf00f4cd5df46d5ae6c635051994f500d79dbcc97d3d597b3dbbb41ea6db194f70153d41aae7a9f5c33c6638ce5ba6055420d4ef274cc6a0b7dd1d6163777974b25c3600ec2a55b920ad1adde4836f3b81cf345c9646362fb791d0d3fd334d5b74e579fb1597e14232ed1822952b5cff57b6329cb0e3bd5075ed25fdc12af55e45753d52dc2c4cc7a79aadeada27bd0eef7022b0ea69b1496b945d2cb0c9b9e401b1918ad20d6c29c4abcf9ab26afe9f6899b2a5881d7bd54ee74a78ddcaa316f07b576e795c7ae982ea81d86c21479a26db59f625ce7a75ef557b982ea151b173e7eab583525865d93060fe2abfd72cec2cdf1d1ec7d4314eea25cc60f00d5934cd56d91ca098339ed9ae6106a11bc6990720f7ab05adfdac8558a00c3fa96b9b58e3ab3beba3c375b640d9cd32b7beba327c001e01ef548b1d4c4ef8538c0c8a79697844b1ca24208fe935cd73fb52d916fb49a49c1964421d4e314cec2e1a390fcc9cf6f15584d58990203c75a321d5023e7feea7c2f7f6bc41a8b20c105b8e315949ad67322a90dc1e6b2827c72df49196cbd15a5dc346db0a019af2f2e8c91b0072c4d7581f86b75a67e5cb4abf701a448c392a3a0ae1f3de4c635545c37fcabe83cf3dbc9fe36e71b8959d8a17c7d510b2958b6e7229607206f660ce7c56c2e481f3207815e66b0f573bfd1b4174b1e08529e413d698417e49c06da3f9a4693a489f33c791522cdb08cf23351f8add5885db63e273f75bc57c15bfdc727fb524376632401818c8fbac59de58b8c6ef06b7c69aea4389afa2462179cf38ad25bc41002a704f38340a3c6aca6420be28596f232edb98114f324ba7b732b4f0b15c6fcf7a8a0befd180b9e4f519a577530909f6dcad2cb8d496d91b2dbcffcaaf3095dc58a7d60cd27b59c061c9a8639c2295ceefbaa5cdaf8475382327a8a36cf5bdf2a863b70334666c69e497d0dd7f449af6d84b6e0657923b9ae6da8a4e2e195c602ff00915d4a2d541c13c0cd2ad734ad3f59677849867c71e335d38d71cfe5cf5cd2eedd654cb73c5269ac0dcaae57057a1ab65d6837b6a5864487b0ed4aa749210448bb1876aeacd79f721aca59b4f082338c77a73efbcb224aaf8247cb1e694ba3caa157827bd1b016b700637351a32f165b1ba6588234cdb8fdd5a74bd516ce152ce0f6c1aa1d9cfee3c65c6d24d3c6c2a8cd71efc72bbbc7e4757d1355670983f13d7357cd2e60fedf7046726b84697aac905d47b9885f1dababfa5b5a49b025942a81c5706bc4eccf967174d4e3bbbab46b6b61b0b8c6eaa95a7e074535cbdcce0195ce59cf7abad96bb6c8819e45e3bd05aafe22d9c48c91cb9238eb4339e7d935bfd145c7a2ecf4188aa04240f1492e2ceda46f6c22b67ab78a96e7d4f26a4f8cf07cd69030b876886071d7cd57e767a2f3bee835d0e057da912ef3ce6bc1a44401565cb93e29dda5bac0eaf23631c54fed43344f22821c1e285f2dfa5248476be99922259946d3f5533fa3e275ddb01cfd55a2ca33344aaedc0e698fe9e30995e454aed4f971401e86499c7c7814cad3d19b08caf1e4d5c61d8cc576e08a34445616dd8da7bf8a9db4d36af5afa656d4038eb4ced34af648257af9a610a9f6c2b0dc074a32d9e39e611b2ec6038cd205dbd8a3e0646452fbed35a72c33b45586ded1d97016a4974f08a77727ea9b9d46e9419b47955b6850ca3ae450373a0a5cafb722e06735d06e6c1bdb0540e46696dce9e23427ab5699e12edcbf59d1550315038f354cd5b423712b4d19c1c7200aebda96966656cb05efcd512ef4992d67760cd22e738ae9c54757ae677fa5fc9d5b2a477aafdde93b7327c5caf422ba7ea1a77ea72a54853486ef4211b18d3a1e79aeaceaca8df4e77b6786656e71dd69b5adf0550589007614c2ef4294ce181180300524bad3a5b3b86f71c707202d747adc69ae2cb6ba9b15dc991ff955a6cb502c1003b801d7cd73286fe58c80c76a03565d3750963910a3892323a571793c7c74e77d74ab5b913287c6481d68ed3d9b201e549aa85a6a970a0b85db130c11e2acfa75c858e323a819ae4d45a55d2d6792144c018c71594047ac8b88a342a037d565405f68c9f86b14df962834eda4c89641816eb9db5f9cbaa426cee27b67043c4c54d7ec459e971b7a463d30a0d86d446411ff008d7e4ffe38fa624f487e266b16654ac6d31651fc9afa7f247cc7f1f5cf4e762f9410b90add393432dfe2622460c3a0c76a0b57dab7200385a571c863925cf407835c373d7ab9dd5ba4bb4b748f2fb81ea335b0d615db7b12a83802ab11df7b80330c951dcd78934b229ddc7703eaa3f174e7c8b8c5a934cc2563f1fe91f5530d455f7647edec2aab6ba995836303f468a17ddd4e0d2715f9f4ee5d55a3c1da0034aae350590c843fdf5a127bed8996e73da925cea502924e464d53313d6cca5d57f4f13c8e4607dd576f3d40ab1b124e294ea9ad37cd547c5b8c77c52a17135caecc7c079aebce3d3935e5e1cffab332060e5d5ba0c74a222bd77600160e3a11496dfdc8182050c99ce69e594528962c4590dc923b51d62524f27561d3eeccfc7b9b997f70f14c599536e7009ef59a4e9d14b6ceea086cfcb228e7d1e19610eadca8e2b92faae99bfd96dd3075c819278a537f6692e5648770ff00978a7734021538e48a87da2e84b70be2ab8d05e55426d2363078a40533d0f6ac169b08058127bd585ec96457089853508b10f16d68c85e99ab5df51b920bcb69921dcb9007391dab2c2f2e5200d23338fba7f25a243128049563b79e684934d92352546f5cf4143e5292cb9fa0dfeb53aa92a32cbdbbd32d1fd737368e559db039db8e450d67a3b990b6d2a49cd3b83d3c97009da15c75e29352557168f8bd7b7974846e2a8dd288d3ae2eef9c36d2533cb1a022d295500eb8f156bf4fbacd6ad6cebb190e3a572ef91d59ff0047d9ee79539e078a7504a12404700753415adb2c2c5946403cd3f160842b47cab8e54d73d56fd3db79dd183301229e99a3639fdb52d2118ff8d6b0d8179917a228ed4c4e908c03b8c8a4b3a59e9ae99a95a4e5d5240197fa4d1b733b1d823c804f2c297c7e9e8a3b8132657e853db7b750a011c0a5928fc91c4934322bb02ca78cd34580ab29572cadda8ab1b769a2c91855a262b427771d7a53fc4b768a1b16c01b80028c6b18e531e57e43fa854d6b69b873d699dbd9fb61792e68cc92edadac7edc648e71dbbd4a594630323be68936843a955fe457b730a03b76b07a64be5d27b9cab965385ec284c24c4865e4d374b067c86e9f7423d91490aa0c1ea49a5657754d3958303c66aababe98e90b9080a8e781cd740bab667032d9c1a067b3428fee0e0f418acce2d7366f34d943b87802965e590f912bf2515d6350d2a2851f646ab9e4e073550d6b498e1986d18deb9cd573afc16c73792d9816627767a7d557ef746695ddc9dc4d5eaef4e9210ec4600e82932dab464b900ab7fd5744d709c73c9a30d2c90c91302bd3c1adf42bf31dc6c60ca83a6eab46a9651cb2388d4ef5e49aaa4d1ac573c93bbc552ebb0d9fb753f4d08ee0ed6c3a919c5582da21ef3617685e00aa47a109988ff73691d335d52c2c7dd895880c7be2b836eccdec056d086937038e2b29b4964d08322c648ef81d2b2b96aafd52dd86da3a6315f9eff9f1f47be93eb8b2d4a28ffd9b904138e86bf40f7ee989af993f3d3e9d5bff00455b5ffb79789bad7d5ee763e3fc5ae57e697a96dc32ac9bb69cd28d8c3af4a7fea184ba37d722aa8ad24ae70fb48f35c7675ebe343639086398ce3eeb6b7b9d92b93d3b7d544d1b48987909efc54b6cc658dd18afd1150d45654a971281f2195ec6b6176bb8e01350db12ac62fdc715b3e230405393d7149c8a7ca879efd9b8236e2ab7abea1ba5da4608e87c53abac3ab8c723bd543520d7136c19183c9157c649e4d7a79121964670db879347c682340871b9ba1a82d601132c609391de898e2632e1faf415d5f8706b5da32dadcc922283db356bd2ac9e445707a78a5ba5da0802670771e49ab7e8d6a216923660370c8cd4f579e96c437d3e44daa0c79c0c138acbf45893118da2a786190c7b54ed23eaa1b8dce596404803ad71ea75d109a31ef97dff00b4773515d42a18471f39ee2988b30ac7690478ad92c73313b7f834bf4d0ba185638ce47caa29a67d9b122073df1d29da592f209c9af64b355b67dbfbb1d00a3d3fdabe2da5d856445da4e41c56c96a6320afccff00c45592d2d55ed907b45dc0ee28bb6d1cc32231841327191fd34bf2e1a67a4d65a74b24425684a83c0a356c9e07c10307ae29fdb69ccab340d212a791e4567fa7858846172c3ab9ef5be5fb3ccab33db8b79418f1d79147db37b72efe858726bd9f4c64b9cab707a835bcd6a427079f149abd5e434b3b9e3939cd582c2e3dc60a3b5562d2ce44f6f9c83d73567d0a178a6da53827f71ae7aa7e164821631ae07c89a736f147226c505d875c57ba7e9f844723209ab3e9fa5451fcdf0031e828c469545a4247b7729cb76a2d346ddc05ab4a58dbed524863ff00c563ec8645c28dbe68a77a51a6e8ce14ab9e3b0a3069a626391c53033471cc8547c5bc51b857e061877a3292f696c1a7800331dab9f14da3b78a14dc46ea8269544454e00143cba92470feeff344bca2c059c332e5156a2dfbcf3cfdd063d416cb115e01faa5f75ea38d1480eaa290664ea5b8455200008a552ce373ee200f3557bef5ac30961bc1fba4b7deb74913ff007411e01a5ea9f1b572bb9a355c87047d529d4b55850a0ce7cd738d47d7c11982cb803c9aa96adf8951a825a61c7fe54f25bf51be3cfb757bfd5e02d8561923bd5635bbc8ee8a8691542f1906b92defe26afbd9572ec7a0cd6b07a8351d52557581b04f1e29ae7e3f61c8be5f080c6cbee8c11deab9a8c50343ed073b7b11535b59dc48c1aeb24f65ed4648b1c788a589578e0d09a2f15c7b0486d9846c791ce793551d5f4d4815e4c92de6ba0cad08465030c7feeaa7ae44248e418e2ad3469911e8060d7411b20019c5771f4fdba98d48cf3e6b8f7e1c5b7bd73811e5c0c5776d16cf7411aa8c1c572f935dae8cc4935b62090743ff00cd6532bb8bf4f0866192783595cd69fe9fa1eadb58e4f535ceff00313e9d1ea6fc2ed4a109bdd10b01ff00eaafa1f2a0e327350ebb66355d12eedba892323feabec36f8bc7dbf1afd4b65ec7bea41ca31523bf15cf2e606462ea0f1fd35de3f153d3d268bebad6ec658f6859d8ae3a115c9f5c863b799db1c7815e75f4f5f17b092dcbfb659d704f6145599067200c8150e40c724063464106d858a8c3e720f9a4ae88921b616f72d207ce79c1a2d4ac938217820835ec2048a18ae5875345a00a8ae1782db78150b55915c7b29019772e01ce2aa1731b4131575dac79aec87440d039278c645739f5068d1db6a619999d581c67b1ae8c692de492de03b848392074a92149a7b95223c7de68d8d1220180200adadf6432c8ed80addb357eb92ce1ee94846015dd57cb2b6b49a08e531b098704e78aa06917b15bdc64c80023001abe695791490ed675c9c1183d2a5aab63e8fede1f610f19e3ad0b7b0971c0eb4c6d4c454ee9370c76352b7b53c7800ed1dea35694863d3c10081820f6a2cd8c93b6e41b57a51322451b021c05ef9a2adef6da020ef0cb49f6780ecb49ff00732e73f54ce1d137b6ed9b47dd0f36b96918dca42b67cd44feabf9005c143da9794f21fae9ab1c1b1557f902b1f4c87f4fb4be09ee296dbebeacc407047719a93fd6a2b9254b018f153bdeaf9ca7b5b3589980cb8e809af2ea2b9894ac50afc870edd0578353dcc914642af7735b2dc1958ac92178c770693ab4c1745691410b2cec1a73dd79c519a769315cdb99645230703147582e9f233ed01a45ea48a2a5b88a14d898fe2b2b3092d746b77dbb7208f34d63b3fd380319a4dfeab0db45bda4556f19a02ebd78b11ffdc5200a53fc1d16cef840aa8cc067cd323ea2b6b58c29954b77e6b84dff00e223c8fb23dcec7c5471ea5abdf2868ad66909e9c1a1ee37f4f5dea6f5dc0aa1770cfd50ff00fe701f20baedec01ae2634bf55dc7c92c5c0f07ad78fa6faa2238163237f14d3b5af8265d925fc43b7b7608ecc09e98ad1ff0012d2d626632e3c0cf5ae29369beaf770ada64983fb4d6e7d25eaa75dd25a330ff88a3ed1b8cfe1d567fc579648cfb44119ef4bee3f132592360e4035cde7d03d4c8aa23d39bec63ad449e87f566a29bfd8317fe27bd1e752e49e96e9bd7d20763ee71e3349354fc4af690ee66663c707a529ff00f8bfd50c7210e7b802b44fc22d7ae1b170840cd3cc4fca76fe8b755fc4491a3389704d53352fc48bd56610ef7fa02bad69df9779af5f74ceca6aff00e9bfcbce95a76d6b888487b9614f2632175afc3e5686e3d4fea37c416d3056ef83564d33f013d4faf0492eae1e28cf38e6bec7d3bd0da5e97181059a617ff1a6e9a7449f1daa9f58c527f64cfd44fe36ff00d3e5ef4f7e5c534c2b25d4cf2b8e7e557fb2f425bd846aa83047722baedde9ea060ad25bed302127f6d736fc96de9a4e28771a0c283a02690eb5a049be264c1439040abfdeda17c01c28eb8a537bed8531f75a4ea9239addd9081c82b822aabaf4282360a0649ae81afdb451c4ccc497272315435b092ff584898332b9e7eaa99d1a458ff0cec5a00b395219b8cfd5764d2e37e0af0a6aa9e9bd085bc10ae36a20ed579d3accab2e092b8e950d5edf4acf4d2e95e7b775ec0f06b2b2f7dc128443819e6b292de5192bf41e104b1cf4ed9ade2620ba9e73c50ea5872c6a5046479afb2b5f139f4fcfdfce2fa5068df885fae54d91dc0e7c1fef5f2d6b5649895ce4b03c0afd14fce9fa1ffd63d1a3528e32d25b9dc58761f75f9f5ab443da39e6bcff0027dbd2f0defa536ee0791c009807907b0a9e24f6e20ac72c78a3e68fe4d9390070050c843124e33daa5f6ef861a6da32cc6320301cd58b4cb37f782a468c99e49a4d6332238129c6e1d455a74d810469344e4f3820d73791d18f7f69ca00ee36671e2a8deb7d215d5a6db820e457558612aa76aab13de907a8b453716d2abf249ce054f3bb29b78f4e22a08775e08ea335a49009b2593e407514d356d324d3ee70410a4d0d130562a4641ef5df9d763cdd6794a8db17899c4854af1515a7a9a7d3aef6333631c1cd590e9bb76958fdc43e2823a2c371392d108c8ea48a7ef427a35d2bf10c3a9499c44d8c6734fad7f10235b731c4db9bbb13c1ae6fac7a45972d0fcbb834a6169ad3314bb91bb78a599e9e7a74ebbf5bef661bc67e8f4a58feac9c12125ce7cd515b5090288c47ba56eacbde9ae91e9fd6f5b9123b6b66c9ee450b95b3ecedf5f99012643bdbefa5449af3a4786b86249cf5ab868bf807abea0aa6e26d99ea2ac6bf97b4b551ee3b4ad4b645f12d7344f50ca1818e76cf9cd3283d572c6e17dd00e3ae6ba1c1f81b1edda1481514bf97a170fbbdd703eaa5731d725fc2927d6128037dd051df068eb3fc4316d1b46b3060dd771e6ae96df970b77da19dfec93569d1bf2eba55a80d346256f26a5731d5996fdb9c597afa3588ed53bbb902a41af6a3ab73676d2393d302bb6d97e0ee896f8cdb291d3a55b747f47695a5a28b7b58d31dc8a4f8ba7ff98f9f746fc3ff00567a89c6f8da088f76abbe97f800edb5af6e1e46ee01aed90cb1a0dab8503c0a2609c6ec8c15f35b88dd7543d0ff0005f48d30ab1843b77ddcd5ced7d316364aa16144c74c0a64b7b021c338dd42de6a0b1c8855b70347913bab5bc9a5c2a785047d562d84518ffdb1fdc50b2ea688e48600f4c5469ab234986247f34784eda749a7c3246a42019faaf469908724a0c8a16c752df98f3b8678a9e3ba3725d10e1d6b752e7edb9d36150498d47f6ac934a48c02625e478ade2797665b93de888e5690a86e9f75bbc4e824b100ff00eda81fc548ba6db38dc5013fc51870324f03eab4718190719ed49749d40d69042176a807eaa2c2bb1427e3e6a59124671bb18ec6b63100b9ef52ba00a96e403ce39cf15acf6fbd95ce4e28d588e37670476a1e557de1472bd6a3aa3ec34f1fb839e2975d4698c37229adcc4ce3712063a0a5179193106cf7e452d1909af234855d91739ed55dbd4455790af2dd723a55a66648e36014b1fbaaf6ad190adc75a5ef1491cebd476defc6db49041c8adfd39a044ee933f07ae69afe8de69583636669dd85941100a8391da87cf8ac869610088018ca8e338a7b6c363281c0a5d0c6c918c8c2d1b148a8a093d7a1a94d5eb32eadc49312bcd657a5f00d65633ef123271cf9cd6c89ba4e0f41512efc63774a95410a7cd7dabe1e2b3f8a9a0a7a93d05aa5a3aee2626c67f8afcacf53694da5ea7736b221051ca90dfcd7ebe0885d5acb0b0c8742306bf32ff30fe9aff40f5fea90aa908d2171f5935c9e576f875cae1b7302abb02393de93dc5ae2e06d25726ac97a391819e7fcd2698162cc54a853fdeb8deb7dceb78800622587c78e7bd5b346be4dad1370add0d537d9882872accdd40269a69d72551493839a4d4ea98f55d3b4e8fdf50031e3a532bcd201832e3e4c2917a7ee16645224c63ae0f5ab9da5cc3710b2939651deb92fa75f3ae45eb0f48c92c124898dc324035cb64b6647904a4af6dbdc1afa6f52d37f540f822b92faa7d3110be72b11dc73c8e95d9e2f273d39b7e397dc5334b66b38826e2cac7826ae3a7dac1731289221233703f9aa9de58b4584c952bd00a73e9dd4261083b0ee8b9e7bd745ff001cff001fdadb1fa423b981e29405908e302a9dadfe173cd3c611f2aa79abfe87a91bc5f7243b588e01a2ee1309bc306627cd6f9d3cc456fd23f857a6d8b09eee359243d15b9ae91a65958d8308e08910fd0aacaeaaf6b91b39fb35b7fafb2c8ac70ae074a1f25719758d22ea0488b3e076a39ae2d1cf0c09fbae4c7d63edc3fb7e5db1438f56cf248012533d2a7f274e71d75e966b507e4c00faaf16fed13013e47cd733835e2c3e4c5bfbd1d6fad346fc9e292e9d99c4740ff54854e7feabcff5d5653b5b8e954afd63cd1178ce335b5b4ef14441c9cf39a9dd1b916f6f531b75f29dcd167d488ea898c6e19cd51d2e1991d506ecf935ec17132b04763c74a16b762e4fae4710625f81d79ac6d6a455050fc08c8c1aab25a875672e0a3f7fba756964d2c498e8a31496b5b27a1f16a124e71b4f3dc53082392e002cdb42f63dea3d36d32a012063ae69f58dbc018062ac7b7343a95d4288a26724b21073c3628968259594347fc1c558e35b657da57268b5316dc0415a692bb20b2b2f72605b2a478ab269f022120a019feaef512854380a01a2a3c28041cd2dd2775d6346a8db48ce7a563fc06319c5486405812391435c3b472e57956ffaadf24fac5225079fed5e98c95cf5a8a35fdc0715ba3ba82a06693a08b636f3c923c57bb4b386fed5280ce4f15aac6cae3ad2566aecb1b80735130c29001cf9a9e40072464d47b4c8c4a9e3bd2d181240cd22296e0f5a53791982701be51e7b53bb80a8a0b3608a477b26e71b72d9a4300bc61b98afedf355ed48ee24751d29cddb361d5815149e789a45629c11e6a769e14ad9242dbd55b27ae69941134aa3626c23be287fd2ccb2a177cf7c533b67777db8c0c76a9f5589228a4d8433ee268a08ab1a8ea4579061a51e3a1af6e6dd87fedb819ec6b1a3466011b3c13dcd650dfa766628ec49faaca66b1f7d024370322a40c083cf3502b12725b8ad83614e3b57db7fe3e165176c4a3ae7a135f177e777d1c6d3d436ba9449b639c104e3bd7d991c9bd41ee0d71bfcde7a49b5efc377d42152d35afcf0067815cfbcf4f2f2bf34f528cc4c7b10694dcffbd1315eb562d561fd542655ea7c557dc85b5f99c73818ae0b395eef8b5f2c87640aaa5876a9ade123a91b4f6cd648988c14e7bfcaa36896560dd1bc8a1f6b45a7d37742d2423385ea4935d0749ba8ee150e7706ae332debc5247120049e724d5ebd37ad85440a7207715cdb8eccd9c74c8e24938031c557359d0d268e472314c34dd44970d9ce7a66995f44278b81c75c0a9cbc6b3bf6e23ae68d2dabcad1a0939ce31c8a50b27b08ac000cdfd3d2ba77a8f4eb8850cb0c7bb1d477aa3ea160b2c25a58fdb91bfeabb31aec73eb3c41a6ddc8c463233e29f1b868d403cd57ad23934ff8042ea7f6b78a3a31710b6f76dcb8cfcbb5513fa33793de8db775038a85505c489c75e09a03f50656f8b63fff006b16fe5b7181807b134149a15691a4d71347cfc0e326bd671eff00b44fc873497fd764b098a85124ae72c6b4b9d6a433acc542923071438bcf24916c84088a97931f46a617f1a119907f9aa2cdab5c9072e5b3d296cf717771905c81f54972a7f773e9d562f5a5b69eb87ff700f06a3b9fc528a43edc3181f55c85c4b2f06562a3af352c762c8524462e4f3c1e943e1c4af99d561f5b272c09527b66b63eb42ffb58eeec6b9ed94534cc14c6707b8a796b62e1f6860b8f353b96cf9979d3bd4fbedcc7239eb923eeac3a0fa95ee91c06640a7014f7ae7761670c6fb84864909e73d2ad1671bbecf6f0873ce2a34df3eba4d8ea0d22e18e33f74e2d6f8c382a037dd50eca699383938e29f585e9f6f6ed62d53e9bbd5e2c7510ecb9e49eb478b8667ca723cd52a0b8924f82b143dc8ab6689014b700b961e4d0e92ce18c72b93c8af61d43da63ee035e4713073c922a4f632304715ba145ade23200bc935e9472a066bcb6b60abc01537b4ca0f079add2703a82013fdb35b32b212549e6a6316d209e054a20dc38614043c7d3e46a461b7041cf8ac781871924fdd6bed3f1c608ee6b56792a161e3eaa157f6c9e0d1423262624e5b142344c790c403d454e991dc18d43174dc08e2905cc9ed162a067b0a7f3922301867148ef132e70293ac4b21695fe472697de42dc81914d9a1d92eeeb415cb9f71828c902a54d3d15c792a18f55e28ab5caa1dbc93c8ad2485f62ec007fc856e8ac8a31c114aaca2e23eda91b79a16e32d38cb613f9a218e51483c8eb423b2ca4823e5da8c34a2e2758f0030c81c1aca1fdbe0027903a8aca617dee07cb20f1deb7523a8e79ad081dfad6c0903815f6cf849edbef2b2703a8a83d55a42fa8fd21a8d83c624f7216014ff15329da3a65a8cd3ee30d86e33c52d9d3bf207d5364fe9cf556b3a35ca344f05c3808dd40cd53aea444918487e20f15dfbf3c3e8e1e90fc6193518d76457e9ee671f1c8e0e3c76af9f262974bb8739ed5c7e4cbd1fe3ef9e9e3caf231651904715a5bcb22dc6c60006e4d0eb24b0b98c8e3a06144c3214f9e77374cd7371e84150fb6d72cb20c63a31e945e98f369b74e506613cf078a570dc65c8917233d69b4408d8d13657bad4b59f4be35c5f741d6c5d42bb7aaf5ab3c37ed2b81c05c5733d3ae8d9397418ddd57cd5c74ebb322890f8c915c9658e897a7172bee2b83d0f5ae77ea180a5d8523284d742775960dd1f07b8cd54fd4b69828ebc80726ab8d70ba9d573d991576e41e720e28d4863784fb9f2ddc62a1b694bdcb2c9c0270a0533581628d9490643cafd55be5d73d85d369a02a0518fe280bab29b0ea1338e86ad91d8abc7fbc938e73da89834d8bd90aa44a7a934d35f8272b994da25c3ddac841da4726a39ece59e079546c8a37d9f2ef5d26eb4096eb0427b68380077a8d3d38b1c125a4a31ee7209f347e721fe36b9db59322afc4b1a90e8f34b1e235c67ad5c6dfd32ad764166250e39e94e20f4db890058fe27bd0fec8df0b3db97268c248d849b902f503a9a3edb4e86dedd4c68c5ba608ae8d71e976b5704c2087af20d214b956836e3c0a5fec0e10e95631b5b82c3dbfb22a4b7d0ee2e6ea6319dd10ef566b6d11242c1b9ffc69d691a6ad8872570a7b0a8ddf549955acb4d8e28c02016e99a6f63664642f2df5561b7f4d433afea721777f4d4eba34900cc040ae7b6daae603d32da68548939cff0051a7fa647ed4dbf196fe28ab5b449a08d1970ebd4f9a6f6968a80f0a2829f482d624321774c03564d1000841e05051d9b63a0c1a65636b224a9b50803a9f3582d328e30d922a7861de7cd496f033a168c8c8ea0d176aa235e5466b111450edce2a6f763f209a9117773d0e6a0ba814396c6d3e4560beda89a3b88cf720e2b411fb4dc726b68d02229c0da6a7012404e6b0a3decd51090bb15f1d6a49377240f8d4010862e3393d450adc78c3e64648a8de33cf35bc8afb777edfaa8d58be41e292b07b846c6339a5771010cc714d657dedb681972588238a4be8612dc45d7b0a5b3400c8597834eee22209ee0f6a0254033ce3153e74c5c2d4ee2b9cf7cd6ac023636927cd4e3264dc09ad9db0a78fee6979c37fe0376da0fc3028563f32db49a609117930d80bd7342dc2fb729001e3b537e0ef03045666e49acaf2262474c83d6b2874d23ef85c9c923ad7847208ce335e963919ede2b0b64003a9afb8af848dc3e1854b1908dfc1cd0f919f27c8af6393c9c7d50375f2dffea19e807d7bd136bae5b441a4b4fdcc3aedefff00dfaafce0d2efcb030cadb589c026bf68ff0016fd331fad3f0d757d3245cef85b048e871d6bf16fd65a5c9e9df535ed94830f0caca48e879a86b2e9f1eb89ee2e05b2124961d324d4ba6df9f68023fcd284bd86fe168194e71c1cd496d208d02b3676f1cd72d8f4b1b3d6b91bb8e689b5d45a29531c2f7cd24170181c1c11dbcd6cb7844abbf84c54f8bcd2eb65aa2cbb9502b367a1a7ba56a732bb24db5571c60d50aca6c8df9db93daacda64abf066f967cd73ef2e8ce96fb6d41b7104e078af352712c4b9c0278028281848001d68985e190989c112af209a8f38add7a2248522bd3927783d0d35b76df7c881039619c9a16ead035e09bbe7068fb611a5d211c15e868c42de9b5b5a98e6762bc3f07c0a696d6715b47f05049e48a12ca373320dfba33c934dd00dd8c719c53779f408e0b392646672113c0a922d2a1967596552f8181462a811ecda7f9a26ce3cb956e82a76ab20593428cc7ee285504e3144a4096d1fb6137b9faa299158805f2076a2218d2693e390479a4baaa49d2cb9d264bb78db76c441d2b16c22815b8dce78a74f222e00193e0544d6c04aac1768ea693a1f12ab2b011c6ec406ef4c22b7528afed909e6b748d6de4ceddcac79a631cf1c910551b40ac7e078ec6338d99c7dd1a96617800e7c9adb6ef8b6a9e0f7a26dd64555523701de81de476db0e7028f86db8e9c5683e722a8181de9a5bdab15cf6ac5ada380a84c1c834cad27c1dbd71de878a328738cfd51504415cb9c283ce09ac5e0c89bfe2b8e739a2b90074c1a8301e3386eddab4b69fda6292723b1a05131121c83fe6bd9904cd81ce0561963997e070c3b5691c87777a2cd0ef0ffb4951c56e06e1f1e3f8a20af19ed5160a648e9d6b32488855d8cbc79ac962551b8115a3fce35c9c035e604400ea3ee8321958118ef41940e7c51cd1a97dcbfe286d8564c95f8d2d9d608caaac40fdde685b88c377e7ea983c7f3dd8cd0d70bb4e42d4e8c289a32ad90339a5f736cd27fe229c3ae431036b67a1a1e552f80702929b84570ad1dc7b2ab852b9dd8ad3d965043b707a669dcca08195c9141cc9bd5b23005034f4064884709ce09ed8a0ae158ba92b47b40718cfc4f4ad42206c31c8add3cbfb2b0bf37214a823a9aca2af8058cedc0526b297a3ff008fba34ed4edbd41a65bea76522cb6f3a07054e47353a118c639af857f243f9a48acac61f48fa8eeb685c2412c8dd7c57dda364d12cf0b0789c64329e08afbae3e0de2004f0315e95038039f35aa927352c4c58740714bc3744431ace8f04832aea54835f941f9d8fc366f457e2d5ecb14063b6bccca3038cf43fc57eaec4c52556ec2be49ffd447d06baafa2adf5d89017b76f93781fcd2292f1f96eba87e83524320262cf38eb560b858ee104d6cff13e2ab7ae40252ccb904120f6c50de9fd61e2b858376e4ef93d2a372ecc6f8b6dba4b190c0ee19e73454927b9c761d6837b99131edb0c547ef932e54104f51d8d4ae78ebce8f2dee780a0e08a73a4de32b7b4f26fddce7c555aca459cb6e60928ea3cd318a409f3f07cd4b59eba33be2fd657e214186c63b934d21d6ba0d8198f1bb154cb1bb5741860c0f6a7b6b26e3b871dab96e6c5fbd38998e0b85dd93d288b3cb30210b7d77a1edd15c2ef638ce7029ec0d02327b2adbbc9a421869cec8db563d848e869c5bca6223dc507f8a1ec22de724649ff00aa622208c030dc4f8a5b4f9f7535bc6250d207dc4745346dbc41007279340ac6b195c9c0f028d58e4cfc5be3d462a56ba20c4b5523701cd10b07ba3099057ad0714b3238182451b6f24cc4e176e7a66a678f56111e30b86f35bfb2cf9cb66898ade47fde3fc0ada4b56848c74ac6056f6f1bcac8d5bfe895186de478a945a9f743e0e478a60b02b61b1b491cd0608845ab2ee5f89a24cb1315e4ae7a56c2d62470f29f70f6152b5b2cd2f2a36638a20963d98cf7ed4cedae32707818a0608963c2e381452c20ca19471de87428cdc77a80d8a2869e2e232dbce473d6826b7f74afb6d8a32de5922254ff0015ade0255df148a3fa718a3151554b0c3135147289146e5c11d2b0ed0768386ef43a153a448467386faa90aec6001143c08f1cb82720f4cd4d2c6490738c51e952346d8e5b8af14961c0cd6249c6d3588fb58e4f143acc9401b79c63b569fbd47f3533a0914b0ed50170a3918ad59ac80a648151302cbc9a9de4063c01d7bd6ac368038a5ac1a504203425c44cfb483fde8e9701581a8253ee44029e2968ca5d736c18a9cf34298b6395c74ef4c76823e59caf4a85e12fb9f18ddd2a7ce1ad2e6033c7343dcc6554f9a30a8864c11c79a8a687277039140614babede073daa07b61b7e5c379a6c60c8ddff00541c83739cf414b44a67b562a467763a035944336e6c807159414ef1f9fda27a88c72433dbcc61bb8c860c38e457e8b7e4e7f39f67abdbc1e8ff0058ce2d6f1404b7b991be2fdb19ec6bf30576eeddc023a629ce97accd0fb6fb9a39a26cacaa7047f7afbfbedf03d7eff150d12cb0b2cb0b8caba9c835e4671d460d7c0bf93cfcec7e90dbfa47d6376658be296f7521e9db19afbf6de7b7d4ace3bbb49566b694065753918a5e7ecc957b763556fc5bf4543ebef406aba5cd1ef2f1360633ce2ad2abfb7b60d196e77c8c8d82ac30696c34bc7e0f7e257a4e5f4b7a9751d364531bc32b2ed231d0d7309a15b595e55243838e2bee7ffd41ff000d07a4ff00123fd56288a417c32d85e3779cff00f7a57c45a9c2d116247534962b9d1ae85a8b4abedc8ff21d09a6b2c570a0329057be2a8a2ea4b21bd39ab6687ab2df598c303263a66a773d5f3b3150b95972738c1c75a363be71290e8c61dbc903bd2d79508503e4e0f4a3d26bb215594089bae2a172ecc68e348b989d098e4240ff00aab4e8fa917c46e39ec6a996a52da6da89b78e4d5af47bc0c511801f78ae7dcebae55cad7e0aacdfb7cd5834e5179223a36074aaf69ad1b95f779403fb558bd3d19779949013a8faae4d4e28b3dbc124400c8231da8f89895e47cc79a451ce62995622dc1e49a6eb3be01c6e20f5a85aae4525b3839da589a616a8ca8cc50e5474a052ea59c9553ed914c22998855ea4756f353b56906da47fa94071b5bc1a312cd644f8c989076a06de50ec36b6c2a39fba9d373618b6d23b8a073081e5810865dc7cd12b297452ca318e68282533823a01ff0075309063923f8a4e88c870ab91835b1d9b49feaa855d628fe2724f9a1e49589ca9a374c3225591871823cd19ed84cf7cf4a411cfb27043313d0834e60944898ef4bd14cb099793f102a658f61c231c5404146560df13d734409b0d8c707bd6f907125a168dc82723ad1f0ba48c727e54006c3066a222c16ca8e6877a51926d55e0e08af4cc923a1da43f4cd691afc86ee86a69210705180239a21ce8a8d77c986f8b0f15bb265f39cd04f2ca1d480093d4d4f090ca416c1a25484e0e4d7a402063926855621c866e94424eb8e3b5664847b43aff0022b572bbb9c1a81e6c38627fb57a64593eb3459b338f15a492285c1ebdab466e2b64438cb0ff00349591313b49c543136012700668a9576e0af24d68610539e0d0fb64124679200c1a8245200539a2655dfc6ec62a265dd8c9c9a9d303b8895b9c668660123391c7614c9d576e3b505344198127a5034a12e63d91a9cf5ec2974f0f193f1069a4ca49e1724506f07b8496e71dab18a190c4718c8359473a823e4b9aca5e0f5f97a6436973875de3b1ed441bd62846d500f6af415be40ab8273c91d4504f0e6468d1890a7935f7fcebe0afa58349ba68914fb8524420a3a9e41ed5f767e4d7f3997be9abeb6f4b7ac2e449a6c84470dd487f69e82bf3ed6628cadbb0076a6fa76a3346fb91f9f07bd3705fd05dacb0ea96515ed94ab716b280cae87208a2a3f8c8a71fdebf34ff00263f9d0baf485cdafa5fd49334da63b08e39256cecfef5fa5f61776dacd8c57d6322cd6d300c0a1c8a4b0ef9c3f3e3f86917ac3f0ae5d4a3837dcd9ffb80a8c9e3a8afc7ff00505a8dd36176953c8afe82bd4fe9b83d59e93d474ab841224f132807f8afc3ff00c79fc37b8fc39fc40d6748994ac71ccc635231f12723ff00bf5530708b99bd838c654f9af34fbf6d3ee14a0c231a92fa1c4ee8c0104d0b3aac6001838eb478a7c9d02dee23b8b4deb80e4678a2adef1c4406e248aa3fa7b52586428ec707a66aed00020de318350de5d5e3d99c33b4c83fe63bd33b0be78e68c48e3238e69025dadb3050c327bd3589919d0ba97762306b9751dd8df5d3f42b817168e85416c719ab3d9c6c218e35f89ea48aa67a7e72c10272c7031577b47647c81fb8631e2b8751d32f7d9e5be0724703bd358991a3077fb67cd218a5689482db891daa686e09dab32b14cf5ae4d47566ad31aac7ce4331efe6b74b86259768c8e98a501fdb292093744471cd1715c99400085352abcff0641318e421ce334c56703a1c8229246ad962c3793d0d1304c9045b9cfcbc501e1d4321788153b3079a9b7fb45790d9a4b16a8ab16d6c2a93dea56d4a3e30c3ea87d348751cc4bed7e16b59cb2c83637c697fea90e198e6bd5bd0ec5476a9da6102e5a46c0207f3465a5ded206ecff14b5304938e953452b73b5403e6831f25c891706a749880001d3cd2b864e307934464a26f27f8a1d6348f748fcfedc51f6f208c7934a6da42622ec70b8e947412c68a0a82c4d1fa2d303961907ad790cdedb9dc7fcd46a5d86e1c7d56fb548c95cb534a02e26590f06b0c208ca9e6878d595832e003daa6019771c8a3d06f29f6b60db927bd460850d8ef5b302e325f3f550bf079e4510b1aca5c903a8a9510c8476ad227c8ebfdaa68c96e001c74344224f67045498c8fe2bd08c1324f35e005fa7414b59a9933c28c1fbad766e1cd4b9047c4723b1ac39eac7fc52fdb20f6548fbaf2545da38008a993e6338e2b4910383cd0190b0a904eee87a50db48721fa76a32741c60f7e95a326392324d2d82066cb291fb685914a290ad47ccac8de6859170720561e8375f801e4f5aca9086938c639aca0dd7e59c8820b921176af7c54c88ad0b08c609ef524b1c5736ac14ed99ba93dab5680da41ed86cb1ead5fa03e10ba427788dc1299e5854f05d3994ac6b88c7f55131289e3f65781fd44f7a8a60a9b62461823b0e94dc634d3b572b203131057a9f06bee0fca17e792e7f0f26b7d03d4f335de8eec1165639318af81e4956c5008d0b3b1f9532d3ee55409836c7f19eb4961a5ebfa2bf496b9a6fab34bb7d5b4ab94bbb1b850cac873c1afcf4ffd4e7f0ace99a8597a9ada1ff627f83b05e87af5ae3bf93ffce7eadf84baeda68baade19b4395c2b4729e107d57e8f7e377a6b45fcc87e06de369934776b2406685d08254e334961be9f827ac21f74b839e696c8fbfb76abd7e24fa56e7d23ea0bcd3ae570f148474ebcd51a71ecc991ce68483d0c1c05dc3239ab77a5f52dd6af14e4be0f1e6aa1953f5cf4a26cf5092cc8741d18641f14b6754ceb8e8ceb1484054c67904d3689fdbb7424814b7469a1d46d16466c301902985bc7ee0463ca8f35c9e48eec6bab87a7164985b98e531b46c1b3e6ba858c842972723c8ae67e9929023cce0bede88bdeba1e9aa64811bf6ab0ce3c5706e3d0c738636ed2162c71b3fee98d9cef9ce37c7d0834bd8b0daa8a5b14cad65114219c6d3ff1ae1d4fc3a303d258cc7b17f6ff00f15b42ad19ca1dcb43c32aecdc06335b998965503049ae7aecc8f86fd8965009ad25ba50eab27c726a393e1265783e2a2b875950071929ce7bd050c034571807048af03821e32992bd08a5367a8a4ac19232b838c532592495c38f88039fba5a036def3d9085d770f068a4ba5998b050bf5493f5624d484793ed84ff00068f864675ce01c78a14dc3452cc0edc735ba8253009dc3bd06b22a9dc1b8ee0d4f04ebb19c3640f149fe14c2dee9add90e031e98347c3762ea4c3feda5966eb759c0e3be68e8555a2e06cc1eb42b1b842c063a78147db8c28c714ae19b08a09e699dbfc80e7fb51817e86c5212bc1af503eeeb906a369c280801fe6b6562e4007028fe482637dbc54aafbd4fdd0cb1367e2d9145c50305c834ecd0310a074e7a9ac746279e95eb43f2cb6715b95555cb1e2b3224801352425f7e00e952c48b907a8a9fd9c302a7934ccf5999631b8579fa701490c4375c5132aa94503935a7b2c49dc322b0440a9b4ee3d48e6b15491822a5986d0b9eb5e609cf618a5e320f7150b28ce2b5c8c024e454aa8376719a8e48c30da1681825d228647419cf6a1e57232b8e68b2ad1617b79350dc6438651906978c0e600282724d0bb19e4e0ff006a63272432ff0071433c651b7d0e32168c22824027eab2a474e32064d65007e537e9cdb3b8739427ad6f721c44813e41b8dd44ba2c90900e57cd691486340801603b915fa03e1422ef8f0aa7e5f5520410b1ef275a964c1937aae5bcd7810907770dd68b3428ca8ec464b0e0e3a52c59446a8b293bfaf14c1b2a72ec4ad6935b2cff0036381da97e9a37b59ddd77a6432720f715f5cfe4f3f3c17ff83b78343d7257bdd067223258e4c59e0ff6af8f16e186e890636f24f9a84b7b3782455201e49a1c3beabfcf527a7756f555b7a83d372c6d6fa827bafed9e093f55f26492865c11d29fddeb136af6aa92cb24e1061431e955bbc0eb2ed3f1faa05ea324e413c57a0927f7702b4276ff15e875519231fc50b065583d33acb585e243cbac8dc67b575ad3e3dd011b3af20d709b3bb686e12463c29cf15d9740d656fb4f855092ed80d8ed5cbb8ecf1e973f4b46ac0e705b3c8ae95a64416251dbff8ae67a243ec5c82a7be2ba56887fdc8c39caf8af3fc997abe333c15230bfdeb7550c84124f7af2f31130c9c78ada240de466bcfd475e4459a0b88c624c3f4e6898e3303e5ce76f4350594621977b70a39153cb7b6f24c371efc0f35cd5d7978efb9b703f7cd4c96cb7284eedb9142ea31c9215783818e01a8acee997e2e70e3b52d5137e952d14004f07b56ef76f1a9da0e08ff0035bcd3acd1a9c508d79b4619738e8695934723dc8e54467b11d698db96b55401f8c720f7a5d6ee1d43f415310c7255c96f06b1ba25a4fd4120315029969aab05ab83f22696c7878819080c3c530b27dcf81c2e2a653eb1019414c0c8e947c20aa6180aafe4800ab15607b77a796538b888123fc52fa112c4300abc1a3ecde4560bd6a1b48a2605c9e453056511865eb9e734d285f62a20c570579f3e6a58ed99416e84d6432fc7a64f9a222999b1b978a72bd821623ad188a40eb42bbe3057a1eb444058a71581ba8624ab735efb08539e467a5490feee4f5a214a608239ac215146d21463eaa629b800a707bd7857d90580ea6b452d200cb9073cd330a806c3e6bd7253393c66b021183d6bc75de3934418407f937415ab0cff0006bd542a3691915e10c0600fed599a36234e3935109fe782b441418cb715116520f9ed428a199037f7f340cf03a3641e3c51aeae8016191e6a167f7393400211b97c1ad1a31ec9dd534d1e4fc7ad4522e481e7cd2f051c51e5b047c6b2a612a46873fbab2833f26c2c96537fbca562fe923a11454ee4c44467683517ebdef22504288d07561c8af1dc00021de0f715fa03e1118792101436ecf7a92370a4b3e4f1526c50a18f07b0342dc2c8eca1083dc9a0cf58170cd8c8ec2b5426e10a74c57a55c732cc8abff11514ea8cae5642091c62b0b0651d86430c751514173ed97040907606bcb791447ede0966ebf55e5da2c0ca8a0e4d0e306733dbb1923600775ad2ea7376a18c7f21d4d4a1b71249249ed50b4e6395d590fb64718158039e47079ad31d4b1cd107054320a1e4dab9e0e4fdd28f1a16c2311d33d2ba5fe14ddc6d33dbc8fce38dd5cd193f7023af4a7fe94d4ff47abdbaaf19c0351dcec5fc7795f45689688d2e0c9c93579d2ed5805c36369aa67a3e04b9db7272c54703b55c21ba1839ca11dbcd79be58f5fc34da63bd86e7f903c62a5877bb65e53b7c0a5eb20201c126b76b8da060735e76a75e8e78b1aba496e7db71c7072690dc5c2c178f1ee121eab8f350c170e1df0d807a8a8e2f6e0b933c83711c8ae7d65d19d70fac2ee6922d9300857a63ad4ed6d1825df9fb149a3d4a2dad2ee39ec2a6b2d45ee577370b9e951b38a74ceda1deec33f13d2965ca4d6f27c3e601e868b7919b6952401dc5421842c7e45f3cf348cd4b968492fb483d05176d78250003c8a870840c8da4f9a8cee8e6dd18c76c511368d924dca09e0f3561b48637815e36c60743552b276139247eeeb56082f106d895be5e054eb1c450fb92e76f18a6364db7fdb0840f34a61bb652a31cd3286ea46936a8e31497fc633b557041c00abff74da29448a7007f1496cc1eace0e7b0a6acd1aaafc8a8c738a318ced8e0807ad1f90adf555e0f28632404b63cd37b795a751e7b835428e5dae878c56cafed81815102c0609c5491633cff008a31855b952dcf2689842b3134346bf30476a9a263fc5604aca0f519150c985507a0a999c12075351b10e4295c8a2cf5662063391dabc5650dce41fbaf7685380381d2a169099385c9add1189306c81d68798c824dddbeaa301918f35ab48c01e09343bc64c65c81b874a8a40bb811d09af6393fdbcb74ad1a78e31c9cfd56eb3244dcf8ce450ed0889b9ffba93df0c091c7dd0e67126779dc7a5066efb62192b9fe286655b82083b4d4dbb726de715aecda467851c8ad4107e9b703b874aca9249771c28dd5943acfcc1f5a7a57fd2e56bcb15cdb49cba78355ab699678c60055ef5d836a48a619f6bc6fc60d734f58fa4e5d0aedae6d726dd8e481dabf40af852a92159af50193e2a3a56048d6472c70a3a5431ce9edac8843b1f15a5f7bf25be1403923a5066e51642731e47dd6ab3ec6550801071922a213ba48919e0639a8af23686659431604e48acc96f2278efcba28dacb9af518dd216623778a845d8bb73ee0da718151b411c4fbfdc65c75ac644fba3727fab35a3c84c6cadc83441923b90ceb9da38fef416eda49238e801a0dc463744700e53eeb497ae0715239ca614807ad44d86c91405a29c4a727b549048d6d7b14be0e7351aaee2d91cf635b381b412d823b526a7e8d9fb7d51f857762efd391c99c915732e1a504631dc5721fcbeeac67b296cddf38e5735d55eed16668cfc4ad79de5cbd5f0d1fee3839dc367615accce55d9474e951a32ca8114f4ef5e5c4c63ca8ff00baf374f5337ada19ff004e9b99b73375faa8c5d09a6519a0e4baf6a455719cd62cd0b484004483a542c5a51edb64564653827ad34b23b70a7802921bc582203259fc51b0ddafb68c01e7a8a9dcf4f29d4824c641c25156c8b94e437dd01a76a505c33c5f2c81c0238a21e5104259718f351b9525197f242db485c91e2846938181cfd50cd7aae9bc1fba105f89391fb685836995b4cc6520600ef9a636d7f1da31f6e35691bb9aafdbce3dc233c9f352c772e973ed95040e845258cb925f7b888db82bf5a7505d168c313807b8aa4090008e149c76a75a7eaeb716c432ec2a7151b056cb6dac148939fb34f55a3306c7e588e2a9d60fbf93d0d3b8a459d402c723a1a1ed8f2c2e0c51ae78c1a710ce9701d8e147d1aa7dc5eb451285e5a9859cee555655f891906a9296ac9eee08cf2a074a96d9f7a923cd2e1a82346548f91181f5465aca915b8029e4eb1a412803e4715283f21cf5e941432171fb4115217200ed8a23c1c170462b456624e7fb57893abae09c30142bbcbbf2bcaf8a1f4dc145b93e6a3624f20ff8a8cce54e7bd63dd28e7804f514bf60d893b857b91cd684865041ad1a52bd0d2f591dcbe0633cf8a048777c0e95bde3ed224ce483c8a9126468777414df628f73a838c11517ed6249ebce2b2694019538faa843838dc285010b3316249057b563393c93c78a15a758881827351cd3af3f3c1acc25e5280edeb5949e4badcc7e64d652fb1e3e0b1389828662a4f4a3effdb96cd639d44831839aacdb5fb187e582d8e2a586ebf52aa2662ade2bf437c1aabaff00a7934ab8966b607f4e79200e94961977e30e31e6ba7cd6c2eada48880c8c315ce356d3a3d32e26800e4f20d660f7d1c70aaccbf3735e4334573188d9c095ba0a1d2eb6a6d619c76341ccad0dd7ea0001078accf6ec4b6d7211d78ce411534928b843b002c7aa9a926906a112b03838ce0f5a5f18f666209e7ea9299246eea8c8cbb73daa3b962a063a57af3673919fba81c9738ea2b3358b691e4d7a7839c56a176b9ed5b63ef1599e60ef0ddbbd6b31575e3bd4a8bbc32935e88c05dbd40a5e1b3f6be7e0d6b9fe97ad4699c06aedf36a22e7522c0e0376af98bd3d7a74cd66ddd4fc73cd76eb6d585e451181b0fc65bc571f963bfc55d4ec6411a039193597b72ac4120520d2f53f760286405d4753514fa99773df15e66b2f533a1f3cc19b71e83a56b692ac938937003a1e696bea11ba75c0a163ba822ced93764d46e579a59239c2cecdb832f9a223d55086dfc28e981559372c40c3855f152c173bdf61380475a5f8a934b1ff00adfb6636404718dd44add49a9a08f7ed43f755b86f04031210f8af52fdae27062902853d01a5f82935c5ad24556689bf685a826942596546194d57e1bf5170e6594be3a516fa999631120c063d6a772335d1d15d3cac093b303a51b6ba818dc7ba4649c0fba4caeb1c9b8b8c62b492ea2795583fc876a4b8e9babfd8cc5faf2b8a3ece7b78f05c12d9e82a916fad4cb18119c9229dd96aab0a05942973d7eaa1acd87957eb5b9430f0319a691dc974f8fee154db0d5e36b71f2e734cacafc998b6ff008638152b9371684759187b9d6995acce5829fd83a55660bf12b1f228f86ea6908c30519a127ec38b4fba15464015bc17dcb29042fd52e89890a396c8ce6a5591a3cfc460d3f022c705ca94186e0d148fbf9041f355fb6ba08aa1bfaba51e978b1601c734c260f34511249cb578f744328ec7c52cb8b94ea3935309b6aa177033cd25a22c5d83b811c8a1988958f38a1e4b850c70d93434b7ab19c9e952a3c315bf31fc4f38ef51cf7ac4060783d6925d5ecbbc6d2361ef501bb75e37707cd194d326cb75ef0393815b4d3e23003714a23b829904d486f14af5c5307394535c2f524e07dd4b1dc6fe9ff748aeeef68283bd64578c8b8dddab07c4ea6b958a3f9382c4f4a5571721a5c0a5f77745dc3138c7342c97acd827238a0dc3296ef8e38aca42d7582c0c80b78acadec3d3e128aebdc650e36b76c74a22402441963b81e2964f38124654f4ff00aad8dd1eb9cff15fa1f1f027d697cf1b80c7e3dea2f51d9c1a969324b1c61a44e7781cd2fb5b8ff6cee39068d8f5031dabc1b36a9efe6b3398df2b248ae3e3bb820d6872f0952dc9a6dea28c1b9e00daa3a52369821191cd0a352db4b0db5c00ce59f18af2591555dba31a816e53796f6f0c3bd780b48a589041ed4ad138b88fd85c024d68926490781daa22c553e2b5e025b966fed585bba950431e7c8af1db0063a0ad1ddcf38ac562c3ff00dd664e8cae7c1a9195829dbc9a154159109c1c9a6ad1a1da40c71c8a1440c4374ea541ca75ae99e86d4fdcb740c724707c8ae7322b296d9f1cf7a69e97d60e9b7e8ad900f5a86e7a7462fb763b4bb9629598c8bb0f181d6a6935175391c8ef4974cba4d456431a9caf9e86a5b999addc67807a8ae0d65e9e35e8c5eff2a36918279a2e2710c796dacddb155a1740be002168b86eb1df8a97c569a3a4b991a4048c2fd1a9a4b8111dfbe920be563b492079a95e408bc7ccf82693e26f9d1cfa8b364a90c2b7b6b808c5d182861f20693493884608c679a83f5a2319e82b7c47e6782edf0642df0ce300f35259eb5219cc582102e41a4b6f7c9223b824af8af5af91236da30c7bd25c1a6ead0b299a35791d8a138ce6b73188e5d8a76a9e8c7bd57b46d40b288a46dca0e7156486ea2684ef4c85e54e6a7f1e2b3769b5adc347b429e7a6698dbdfac4c03fcdf3cb55652f83670d8f14d209ada18bdc0c5e523a1ed51d65d39bdf6b9e9baac725b9c28ce783561d3a4dd1060d9ddd2b9e6957654e643fbbb5586c2f76b0392a076ae4b95babb86fd3aab163bbeaa58f526dea437155c4d496f2411216663444772c088990a95ef52f88af765abc9ede339a611de3c90a9eaddc550edaf8c52862c4201c814ef4ed5e3b989ca961b4e3e428f38df959e3bf696140401b4d4b757ac02f355a1a818df767e39e68a9f538e62a01c1ad7fc6b61e3df7fb6a14d6437923b7cd891db348d35148f01b924f144c77a99f93605271a5367bcdcd8079a827bec26dce4d29b8bb11b960d914a6eb52265ca134961d6892e42c603119a165995d08e41a40b7eec32ed9fe6b1b50dc0e5ff8c5190d0e05db03b73c5686e98b64b600ed499ef8c5c13d7bd0d2dfef3fba9fe207b7373fa823120461d2859352f63827737d5576eb56d926d0dff74247aa46b704b3607724d34c5a5b6458a4d6bde7f6cf150dceadb491918c62aab77ad5bac8e526e6925d7a88c31c8659013db06a93c5dfb4be722db2eacaae589c1acae693fa90ce37ac9903b5655a784976f9a5261213bb23268843b5832fff00359595f66f876e67732a82408ea69af4ce56357181d05656513136ac81908c924f5aacb6d32e08e9deb2b29423c4605882b81e6b0a940587ecfaacaca02d19b23839cf8af19403915959599993dab09c1e2b2b2b0bc03730f00e69a8746c1ce456565666ef097427a78350332c64b0cfb9d0565652587cd5e7d2dea04f6fdbdfb24c608f35662ed3265b9e38359595c5b9ede978af42c8c76302307eab489e44073923b13595953ae9150dc84ce541fb35b497aee41181fc5656525840cf70ce5860860322a1124922e4104f4acaca1c06d127cb96e4f6adc967b95041dbd78acaca5b21a512d30b763b4edcf422b6b3d4e6b5560266915bfa4f6acacadc8a66de9ad9de0931248703c539b2d536c81987fb22b2b2a1b93aeac6a9ec77caeb1c8bd1ba53bb1bd20e19493dab2b2b93598ea97a6116a6d15eaa2bec239e29fc37d2cebbde55071fdcd656546c87944e9f36e859ddf241ff0034659cac599f7e078acaca8f3d8995ade0556de0104f1cd6b717d6d0cf1b07186ea0565656b0b2b67bd5b9242f18e41af45ec68a3749bdc56565193aa06bad74b8da085140beae3238cfdd6565199947a8aeb5747f8312abf5507faaa6330bee23cd6565566217e54bb55f533c10b61c6fa5cbea60b6e8d25c28ddce3bd6565573889eb555fd43d54feeb3abfc474a4f7deaf730655b0d9e79acacae8cf8f2e7bba41a97abe69a060a483e41a5235f9e5c2bbb903a826b2b29ee244fe553c9a830830adb47d9acacaca3c903b5ffd9, 'Oppo', 'Poos', '', '1234567890', '199/174 ', '//', 46150, '2024-02-12 00:00:00', 'Aza@gmail.com');
INSERT INTO `app_user_details` (`UserID`, `Image`, `FirstName`, `LastName`, `Gender`, `Tel`, `Provider`, `Address`, `Zipcode`, `Birthday`, `Email`) VALUES
(22, NULL, NULL, NULL, NULL, NULL, NULL, NULL, NULL, NULL, 'Test1@gmail.com'),
(23, NULL, '', '', '', '1111111', '1111111', '', 1111111, '2012-12-12 00:00:00', 'ZV@gmail.com'),
(28, NULL, '', '', '', '1111111', '1111111', '', 1111111, '2012-12-12 00:00:00', 'ZV@gmail.com'),
(29, NULL, '', '', '', '1111111', '1111111', '', 1111111, '2012-12-12 00:00:00', 'Patza@gg.com'),
(30, NULL, '', '', '', '1111111', '1111111', '', 1111111, '2012-12-12 00:00:00', 'nigga@gg.com'),
(31, NULL, '', '', '', '1111111', '1111111', '', 1111111, '2012-12-12 00:00:00', 'nigga@gg.com'),
(32, NULL, '', '', '', '1111111', '1111111', '', 1111111, '2012-12-12 00:00:00', 'nigga@gg.com'),
(33, NULL, '', '', '', '1111111', '1111111', '', 1111111, '2012-12-12 00:00:00', 'nigga@gg.com'),
(34, NULL, '', '', '', '1111111', '1111111', '', 1111111, '2012-12-12 00:00:00', 'nigga@gg.com'),
(35, NULL, '', '', '', '1111111', '1111111', '', 1111111, '2012-12-12 00:00:00', 'nigga@gg.com'),
(36, NULL, '', '', '', '1111111', '1111111', '', 1111111, '2012-12-12 00:00:00', 'nigga@gg.com'),
(37, NULL, '', '', '', '1111111', '1111111', '', 1111111, '2012-12-12 00:00:00', 'nigga@gg.com'),
(38, NULL, '', '', '', '1111111', '1111111', '', 1111111, '2012-12-12 00:00:00', 'nigga@gg.com'),
(39, NULL, '', '', '', '1111111', '1111111', '', 1111111, '2012-12-12 00:00:00', 'nigga@gg.com'),
(40, NULL, '', '', '', '1111111', '1111111', '', 1111111, '2012-12-12 00:00:00', 'nigga@gg.com'),
(41, NULL, '', '', '', '1111111', '1111111', '', 1111111, '2012-12-12 00:00:00', 'nigga@gg.com'),
(42, NULL, '', '', '', '1111111', '1111111', '', 1111111, '2012-12-12 00:00:00', 'nigga@gg.com'),
(43, NULL, '', '', '', '1111111', '1111111', '', 1111111, '2012-12-12 00:00:00', 'nigga@gg.com'),
(44, NULL, '', '', '', '1111111', '1111111', '', 1111111, '2012-12-12 00:00:00', 'nigga@gg.com'),
(45, NULL, '', '', '', '1111111', '1111111', '', 1111111, '2012-12-12 00:00:00', 'nigga@gg.com'),
(46, NULL, '', '', '', '1111111', '1111111', '', 1111111, '2012-12-12 00:00:00', 'nigga@gg.com'),
(47, NULL, '', '', '', '1111111', '1111111', '', 1111111, '2012-12-12 00:00:00', 'nigga@gg.com'),
(48, NULL, '', '', '', '1111111', '1111111', '', 1111111, '2012-12-12 00:00:00', 'ZV@gmail.com'),
(49, NULL, '', '', '', '1111111', '1111111', '', 1111111, '2012-12-12 00:00:00', 'zz@gmail.com'),
(50, NULL, '', '', '', '1111111', '1111111', '', 1111111, '2012-12-12 00:00:00', 'zz@gmail.com'),
(51, NULL, '', '', '', '1111111', '1111111', '', 1111111, '2012-12-12 00:00:00', 'Andy@gmail.com');

-- --------------------------------------------------------

--
-- Table structure for table `app_user_groups`
--

CREATE TABLE `app_user_groups` (
  `UserGroupID` int(11) NOT NULL,
  `UseGroupName` varchar(1000) NOT NULL
) ENGINE=InnoDB DEFAULT CHARSET=utf8mb4 COLLATE=utf8mb4_general_ci;

--
-- Dumping data for table `app_user_groups`
--

INSERT INTO `app_user_groups` (`UserGroupID`, `UseGroupName`) VALUES
(1, 'Customer'),
(2, 'Store'),
(3, 'Admin');

-- --------------------------------------------------------

--
-- Table structure for table `app_user_roles`
--

CREATE TABLE `app_user_roles` (
  `UserGroupID` int(11) NOT NULL,
  `UserID` int(11) NOT NULL
) ENGINE=InnoDB DEFAULT CHARSET=utf8mb4 COLLATE=utf8mb4_general_ci;

--
-- Dumping data for table `app_user_roles`
--

INSERT INTO `app_user_roles` (`UserGroupID`, `UserID`) VALUES
(1, 8),
(3, 9),
(3, 10),
(1, 11),
(1, 12),
(1, 13),
(1, 14),
(1, 15),
(1, 16),
(1, 17),
(1, 18),
(3, 19),
(3, 20),
(1, 21),
(1, 22),
(1, 23),
(1, 24),
(1, 25),
(1, 26),
(1, 27),
(1, 28),
(1, 29),
(1, 30),
(1, 31),
(1, 32),
(1, 33),
(1, 34),
(1, 35),
(1, 36),
(1, 37),
(1, 38),
(1, 39),
(1, 40),
(1, 41),
(1, 42),
(1, 43),
(1, 44),
(1, 45),
(1, 46),
(1, 47),
(1, 48),
(1, 49),
(1, 50),
(1, 51);

-- --------------------------------------------------------

--
-- Table structure for table `categories`
--

CREATE TABLE `categories` (
  `CategoryID` int(11) NOT NULL,
  `CategoryName` varchar(1000) NOT NULL
) ENGINE=InnoDB DEFAULT CHARSET=utf8mb4 COLLATE=utf8mb4_general_ci;

--
-- Dumping data for table `categories`
--

INSERT INTO `categories` (`CategoryID`, `CategoryName`) VALUES
(1, 'Face Makeup'),
(2, 'Eye Makeup'),
(3, 'Lip Makeup'),
(4, 'Skincare Makeup'),
(5, 'Men\'s Makeup');

-- --------------------------------------------------------

--
-- Table structure for table `item_orders`
--

CREATE TABLE `item_orders` (
  `ProductID` int(11) NOT NULL,
  `OrderID` int(11) NOT NULL,
  `Quantity` int(11) NOT NULL
) ENGINE=InnoDB DEFAULT CHARSET=utf8mb4 COLLATE=utf8mb4_general_ci;

-- --------------------------------------------------------

--
-- Table structure for table `item_order_form_shoppers`
--

CREATE TABLE `item_order_form_shoppers` (
  `OrderID` int(11) NOT NULL,
  `ShopperID` int(11) NOT NULL,
  `OrderDate` date NOT NULL,
  `Status` varchar(1000) NOT NULL
) ENGINE=InnoDB DEFAULT CHARSET=utf8mb4 COLLATE=utf8mb4_general_ci;

-- --------------------------------------------------------

--
-- Table structure for table `orders`
--

CREATE TABLE `orders` (
  `OrderID` varchar(255) NOT NULL,
  `UserID` int(11) NOT NULL,
  `PaymentID` int(11) NOT NULL,
  `Total` decimal(10,2) NOT NULL,
  `CreatedAt` timestamp NOT NULL DEFAULT current_timestamp()
) ENGINE=InnoDB DEFAULT CHARSET=utf8mb4 COLLATE=utf8mb4_general_ci;

--
-- Dumping data for table `orders`
--

INSERT INTO `orders` (`OrderID`, `UserID`, `PaymentID`, `Total`, `CreatedAt`) VALUES
('ORD-210697VED3', 21, 1, 1750.00, '2024-02-24 12:31:10'),
('ORD-211267VCAP', 21, 4, 1199.00, '2024-03-11 12:00:41'),
('ORD-213705PYZE', 21, 3, 5450.00, '2024-03-11 11:51:03'),
('ORD-215199UPKW', 21, 2, 1750.00, '2024-02-24 12:33:05'),
('ORD-215358YPNV', 21, 5, 2050.00, '2024-03-11 12:05:05'),
('ORD-218366ALBE', 21, 7, 1800.00, '2024-03-12 09:42:58'),
('ORD-219932BAK1', 21, 6, 300.00, '2024-03-11 12:07:19');

-- --------------------------------------------------------

--
-- Table structure for table `order_lines`
--

CREATE TABLE `order_lines` (
  `OrderLineID` int(11) NOT NULL,
  `OrderID` varchar(255) NOT NULL,
  `ProductID` int(11) NOT NULL,
  `Quantity` int(11) NOT NULL
) ENGINE=InnoDB DEFAULT CHARSET=utf8mb4 COLLATE=utf8mb4_general_ci;

--
-- Dumping data for table `order_lines`
--

INSERT INTO `order_lines` (`OrderLineID`, `OrderID`, `ProductID`, `Quantity`) VALUES
(1, 'ORD-210697VED3', 3, 1),
(2, 'ORD-210697VED3', 6, 1),
(3, 'ORD-215199UPKW', 3, 1),
(4, 'ORD-215199UPKW', 6, 1),
(5, 'ORD-213705PYZE', 3, 3),
(6, 'ORD-213705PYZE', 6, 5),
(7, 'ORD-211267VCAP', 8, 1),
(8, 'ORD-211267VCAP', 1, 1),
(9, 'ORD-215358YPNV', 6, 1),
(10, 'ORD-215358YPNV', 7, 1),
(11, 'ORD-215358YPNV', 3, 1),
(12, 'ORD-219932BAK1', 7, 1),
(13, 'ORD-218366ALBE', 7, 6);

-- --------------------------------------------------------

--
-- Table structure for table `payment`
--

CREATE TABLE `payment` (
  `PaymentID` int(11) NOT NULL,
  `Status` varchar(255) NOT NULL,
  `PaymentMethodID` int(11) NOT NULL
) ENGINE=InnoDB DEFAULT CHARSET=utf8mb4 COLLATE=utf8mb4_general_ci;

--
-- Dumping data for table `payment`
--

INSERT INTO `payment` (`PaymentID`, `Status`, `PaymentMethodID`) VALUES
(1, '', 1),
(2, '', 1),
(3, '', 1),
(4, '', 1),
(5, '', 1),
(6, '', 2),
(7, '', 1);

-- --------------------------------------------------------

--
-- Table structure for table `paymentmedthod`
--

CREATE TABLE `paymentmedthod` (
  `PaymentMedthodID` int(11) NOT NULL,
  `Name` varchar(1000) NOT NULL
) ENGINE=InnoDB DEFAULT CHARSET=utf8mb4 COLLATE=utf8mb4_general_ci;

--
-- Dumping data for table `paymentmedthod`
--

INSERT INTO `paymentmedthod` (`PaymentMedthodID`, `Name`) VALUES
(1, 'Credit Card'),
(2, 'PayPal'),
(3, 'Bank Transfer');

-- --------------------------------------------------------

--
-- Table structure for table `products`
--

CREATE TABLE `products` (
  `ProductID` int(11) NOT NULL,
  `ProductName` varchar(1000) NOT NULL,
  `Price` int(11) NOT NULL,
  `CategoryID` int(11) NOT NULL,
  `R` int(11) NOT NULL,
  `G` int(11) NOT NULL,
  `B` int(11) NOT NULL,
  `O` double NOT NULL,
  `Image` varchar(1000) NOT NULL,
  `FilterURL` varchar(1000) NOT NULL,
  `ShopperID` int(255) NOT NULL
) ENGINE=InnoDB DEFAULT CHARSET=utf8mb4 COLLATE=utf8mb4_general_ci;

--
-- Dumping data for table `products`
--

INSERT INTO `products` (`ProductID`, `ProductName`, `Price`, `CategoryID`, `R`, `G`, `B`, `O`, `Image`, `FilterURL`, `ShopperID`) VALUES
(1, 'MILLE ', 699, 1, 244, 143, 177, 1, 'https://cl.lnwfile.com/_/cl/_raw/fy/v0/y4.jpg', '/lip1', 20),
(2, ' ', 199, 2, 244, 143, 177, 1, 'https://image.makewebeasy.net/makeweb/m_1920x0/pyuHEt3NP/FES/LINE_ALBUM_%E0%B8%A0%E0%B8%B2%E0%B8%9E%E0%B8%AA%E0%B8%A7%E0%B8%A2%E0%B8%AB%E0%B8%A5%E0%B8%B2%E0%B8%A2%E0%B8%AA%E0%B8%B4%E0%B8%99%E0%B8%84%E0%B9%89%E0%B8%B2__2_%E0%B9%92%E0%B9%93%E0%B9%90%E0%B9%96%E0%B9%92%E0%B9%97.jpg', '/lip1', 20),
(3, 'LE ROUGE DUO ULTRA TENUE', 1650, 3, 244, 143, 177, 1, 'https://images.pexels.com/photos/1625037/pexels-photo-1625037.jpeg', '/lip1', 20),
(4, 'Perfecting Cushion Airy', 2250, 4, 244, 143, 177, 1, 'https://inwfile.com/s-cp/6xy2tt.jpg', '/lip1', 20),
(5, 'OBGE Natural Cover', 1100, 5, 244, 143, 177, 1, 'https://cosmenet-in-th.s3-bkk.nipa.cloud/upload/webboard/newImages/vQmD/1659196246359.jpg', '/lip1', 20),
(6, 'Test Lip1', 100, 3, 244, 143, 177, 1, 'https://www.shiseido.co.th/dw/image/v2/BCSK_PRD/on/demandware.static/-/Sites-itemmaster_shiseido/default/dwaf1fa16c/images/products/18047/18047_S_01.jpg?sw=1000&sh=1000&sm=fit', '/lip1', 20),
(7, 'Test Lip2', 300, 3, 244, 143, 177, 1, 'https://www.reneecosmetics.in/cdn/shop/files/renee-stunner-matte-lipstick-4gm-renee-cosmetics-6.jpg?v=1691477163', '/lip1', 20),
(8, 'Test FaceMakeup1', 500, 1, 244, 143, 177, 1, 'https://www.central.co.th/adobe/dynamicmedia/deliver/dm-aid--f81fddb4-f93d-452b-ba13-7f9af3badc0d/nars-narsblushorgasmx-cds24535748-1.jpg?preferwebp=true&quality=60&width=550', '/lip1', 20),
(9, 'Test FaceMake2', 800, 1, 244, 123, 155, 1, 'https://inwfile.com/s-dw/cge8p9.jpg', '/lip1', 20);

-- --------------------------------------------------------

--
-- Table structure for table `reviews`
--

CREATE TABLE `reviews` (
  `ReviewID` int(11) NOT NULL,
  `UserID` int(11) NOT NULL,
  `ProductID` int(11) NOT NULL,
  `Rating` int(11) NOT NULL,
  `Comment` varchar(1000) NOT NULL,
  `PostDate` timestamp NOT NULL DEFAULT current_timestamp() ON UPDATE current_timestamp()
) ENGINE=InnoDB DEFAULT CHARSET=utf8mb4 COLLATE=utf8mb4_general_ci;

--
-- Dumping data for table `reviews`
--

INSERT INTO `reviews` (`ReviewID`, `UserID`, `ProductID`, `Rating`, `Comment`, `PostDate`) VALUES
(1, 21, 3, 4, '', '2024-03-12 09:41:09');

-- --------------------------------------------------------

--
-- Table structure for table `shoppers`
--

CREATE TABLE `shoppers` (
  `ShopperID` int(11) NOT NULL,
  `Name` varchar(1000) NOT NULL,
  `Address` varchar(1000) NOT NULL,
  `Email` varchar(1000) NOT NULL,
  `Phone` varchar(11) NOT NULL
) ENGINE=InnoDB DEFAULT CHARSET=utf8mb4 COLLATE=utf8mb4_general_ci;

--
-- Dumping data for table `shoppers`
--

INSERT INTO `shoppers` (`ShopperID`, `Name`, `Address`, `Email`, `Phone`) VALUES
(20, 'LoysonShop', 'Oldtown Road', 'LoysonShop 741/74', '1234567890');

--
-- Indexes for dumped tables
--

--
-- Indexes for table `app_users`
--
ALTER TABLE `app_users`
  ADD PRIMARY KEY (`UserID`);

--
-- Indexes for table `app_user_details`
--
ALTER TABLE `app_user_details`
  ADD KEY `user_detail_id` (`UserID`);

--
-- Indexes for table `app_user_groups`
--
ALTER TABLE `app_user_groups`
  ADD PRIMARY KEY (`UserGroupID`);

--
-- Indexes for table `app_user_roles`
--
ALTER TABLE `app_user_roles`
  ADD KEY `group_id` (`UserGroupID`),
  ADD KEY `user_id` (`UserID`);

--
-- Indexes for table `categories`
--
ALTER TABLE `categories`
  ADD PRIMARY KEY (`CategoryID`);

--
-- Indexes for table `item_orders`
--
ALTER TABLE `item_orders`
  ADD KEY `product_orders_id` (`ProductID`),
  ADD KEY `orders_shoppers_id` (`OrderID`);

--
-- Indexes for table `item_order_form_shoppers`
--
ALTER TABLE `item_order_form_shoppers`
  ADD PRIMARY KEY (`OrderID`),
  ADD KEY `shoppers_id` (`ShopperID`);

--
-- Indexes for table `orders`
--
ALTER TABLE `orders`
  ADD PRIMARY KEY (`OrderID`),
  ADD KEY `user_id_order` (`UserID`),
  ADD KEY `payment_id` (`PaymentID`);

--
-- Indexes for table `order_lines`
--
ALTER TABLE `order_lines`
  ADD PRIMARY KEY (`OrderLineID`),
  ADD KEY `product_id_order` (`ProductID`),
  ADD KEY `order_id` (`OrderID`);

--
-- Indexes for table `payment`
--
ALTER TABLE `payment`
  ADD PRIMARY KEY (`PaymentID`),
  ADD KEY `paymentmedthod` (`PaymentMethodID`);

--
-- Indexes for table `paymentmedthod`
--
ALTER TABLE `paymentmedthod`
  ADD PRIMARY KEY (`PaymentMedthodID`);

--
-- Indexes for table `products`
--
ALTER TABLE `products`
  ADD PRIMARY KEY (`ProductID`),
  ADD KEY `product_category` (`CategoryID`),
  ADD KEY `shop_owner` (`ShopperID`);

--
-- Indexes for table `reviews`
--
ALTER TABLE `reviews`
  ADD PRIMARY KEY (`ReviewID`),
  ADD KEY `reviews_product` (`ProductID`),
  ADD KEY `reviews_user` (`UserID`);

--
-- Indexes for table `shoppers`
--
ALTER TABLE `shoppers`
  ADD PRIMARY KEY (`ShopperID`);

--
-- AUTO_INCREMENT for dumped tables
--

--
-- AUTO_INCREMENT for table `app_users`
--
ALTER TABLE `app_users`
  MODIFY `UserID` int(11) NOT NULL AUTO_INCREMENT, AUTO_INCREMENT=52;

--
-- AUTO_INCREMENT for table `app_user_groups`
--
ALTER TABLE `app_user_groups`
  MODIFY `UserGroupID` int(11) NOT NULL AUTO_INCREMENT, AUTO_INCREMENT=4;

--
-- AUTO_INCREMENT for table `categories`
--
ALTER TABLE `categories`
  MODIFY `CategoryID` int(11) NOT NULL AUTO_INCREMENT, AUTO_INCREMENT=6;

--
-- AUTO_INCREMENT for table `item_order_form_shoppers`
--
ALTER TABLE `item_order_form_shoppers`
  MODIFY `OrderID` int(11) NOT NULL AUTO_INCREMENT;

--
-- AUTO_INCREMENT for table `order_lines`
--
ALTER TABLE `order_lines`
  MODIFY `OrderLineID` int(11) NOT NULL AUTO_INCREMENT, AUTO_INCREMENT=14;

--
-- AUTO_INCREMENT for table `payment`
--
ALTER TABLE `payment`
  MODIFY `PaymentID` int(11) NOT NULL AUTO_INCREMENT, AUTO_INCREMENT=8;

--
-- AUTO_INCREMENT for table `paymentmedthod`
--
ALTER TABLE `paymentmedthod`
  MODIFY `PaymentMedthodID` int(11) NOT NULL AUTO_INCREMENT, AUTO_INCREMENT=4;

--
-- AUTO_INCREMENT for table `products`
--
ALTER TABLE `products`
  MODIFY `ProductID` int(11) NOT NULL AUTO_INCREMENT, AUTO_INCREMENT=10;

--
-- AUTO_INCREMENT for table `reviews`
--
ALTER TABLE `reviews`
  MODIFY `ReviewID` int(11) NOT NULL AUTO_INCREMENT, AUTO_INCREMENT=2;

--
-- Constraints for dumped tables
--

--
-- Constraints for table `app_user_details`
--
ALTER TABLE `app_user_details`
  ADD CONSTRAINT `user_detail_id` FOREIGN KEY (`UserID`) REFERENCES `app_users` (`UserID`);

--
-- Constraints for table `app_user_roles`
--
ALTER TABLE `app_user_roles`
  ADD CONSTRAINT `group_id` FOREIGN KEY (`UserGroupID`) REFERENCES `app_user_groups` (`UserGroupID`),
  ADD CONSTRAINT `user_id` FOREIGN KEY (`UserID`) REFERENCES `app_users` (`UserID`);

--
-- Constraints for table `item_orders`
--
ALTER TABLE `item_orders`
  ADD CONSTRAINT `orders_shoppers_id` FOREIGN KEY (`OrderID`) REFERENCES `item_order_form_shoppers` (`OrderID`),
  ADD CONSTRAINT `product_orders_id` FOREIGN KEY (`ProductID`) REFERENCES `products` (`ProductID`);

--
-- Constraints for table `item_order_form_shoppers`
--
ALTER TABLE `item_order_form_shoppers`
  ADD CONSTRAINT `shoppers_id` FOREIGN KEY (`ShopperID`) REFERENCES `shoppers` (`ShopperID`);

--
-- Constraints for table `orders`
--
ALTER TABLE `orders`
  ADD CONSTRAINT `payment_id` FOREIGN KEY (`PaymentID`) REFERENCES `payment` (`PaymentID`),
  ADD CONSTRAINT `user_id_order` FOREIGN KEY (`UserID`) REFERENCES `app_users` (`UserID`);

--
-- Constraints for table `order_lines`
--
ALTER TABLE `order_lines`
  ADD CONSTRAINT `order_id` FOREIGN KEY (`OrderID`) REFERENCES `orders` (`OrderID`),
  ADD CONSTRAINT `product_id_order` FOREIGN KEY (`ProductID`) REFERENCES `products` (`ProductID`);

--
-- Constraints for table `payment`
--
ALTER TABLE `payment`
  ADD CONSTRAINT `paymentmedthod` FOREIGN KEY (`PaymentMethodID`) REFERENCES `paymentmedthod` (`PaymentMedthodID`);

--
-- Constraints for table `products`
--
ALTER TABLE `products`
  ADD CONSTRAINT `product_category` FOREIGN KEY (`CategoryID`) REFERENCES `categories` (`CategoryID`),
  ADD CONSTRAINT `shop_owner` FOREIGN KEY (`ShopperID`) REFERENCES `shoppers` (`ShopperID`);

--
-- Constraints for table `reviews`
--
ALTER TABLE `reviews`
  ADD CONSTRAINT `reviews_product` FOREIGN KEY (`ProductID`) REFERENCES `products` (`ProductID`),
  ADD CONSTRAINT `reviews_user` FOREIGN KEY (`UserID`) REFERENCES `app_users` (`UserID`);

--
-- Constraints for table `shoppers`
--
ALTER TABLE `shoppers`
  ADD CONSTRAINT `shopper_id` FOREIGN KEY (`ShopperID`) REFERENCES `app_users` (`UserID`);
COMMIT;

/*!40101 SET CHARACTER_SET_CLIENT=@OLD_CHARACTER_SET_CLIENT */;
/*!40101 SET CHARACTER_SET_RESULTS=@OLD_CHARACTER_SET_RESULTS */;
/*!40101 SET COLLATION_CONNECTION=@OLD_COLLATION_CONNECTION */;
